anime_id,mal_id,title,english_title,japanese_title,user_preferred_title,type,episodes,duration,status,source,season,season_year,studios,main_studios,genres,tags,rating,score,mean_score,scored_by,rank,popularity,popularity_rank,members,favorites,watching,completed,on_hold,dropped,plan_to_watch,start_date,end_date,broadcast_day,broadcast_time,synopsis,country_of_origin,is_licensed,hashtag,cover_image_large,cover_image_color,banner_image,trailer_site,trailer_id,main_characters,main_staff,streaming_sites,is_adult,synonyms,site_url,updated_at,next_airing_episode_at,next_episode_number,collected_at,data_source
185073,60407.0,Kimi to Idol Precure♪,You and Idol Precure ♪,キミとアイドルプリキュア♪,Kimi to Idol Precure♪,TV,49.0,24.0,RELEASING,ORIGINAL,WINTER 2025,2025,Toei Animation,Toei Animation,Action;Fantasy;Mahou Shoujo;Music,Female Protagonist;Primarily Female Cast;Idol;Dancing;Cute Girls Doing Cute Things;Henshin;Magic;Fairy;Kids;Urban Fantasy,,71.0,74.0,0,0,3995,0,3995,98,2227,84,228,220,1236,2025-02-02,,,,"The main character, Sakura Uta, is a second-year middle school student who loves to sing. One day, she meets the fairy Purirun that has come to search for the Legendary Protectors, Idol Precure! Purirun's hometown, KirakiLand has been plunged into total darkness by Darkine, the boss of the Chokkiri Gang. Meanwhile, the sparkles of the townspeople are being stolen by the Chokkiri Gang... it's a huge pinch!<br> ""I want to make it sparkle sparkly! Here is my song!"" - With this determination, Uta transforms into the Legendary Protector, Cure Idol! She sings, dances, and gives fan service, making it sparkle no matter how pitch-black it is!",JP,True,#キミとアイドルプリキュア #キミプリ,https://s4.anilist.co/file/anilistcdn/media/anime/cover/medium/bx185073-m4QzzXcEqmvb.png,#5078fe,https://s4.anilist.co/file/anilistcdn/media/anime/banner/185073-gKyL8oVOqMX1.jpg,youtube,JK8GE-6pU8U,Uta Sakura;Nana Aokaze;Kokoro Shigure;Purirun;Meroron,Izumi Toudou (Original Creator);Chiaki Kon (Director);Youichi Katou (Series Composition);Miho Sugimoto (Character Design);Tongnian Chen (Art Director),Official Site;YouTube;Twitter;Crunchyroll,False,,https://anilist.co/anime/185073,1766722938,1767483000,46,2025-12-26T04:26:26.514895+00:00,anilist
185506,60553.0,Nonohara Yuka no Himitsu no Haishin,,野々原柚花のヒミツのハイシン,Nonohara Yuka no Himitsu no Haishin,OVA,,16.0,RELEASING,OTHER,WINTER 2025,2025,Bunny Walker;Lune Pictures;T-REX,T-REX,Hentai,Filmmaking;Female Protagonist;Sex Toys;Masturbation;Large Breasts;Drugs;Boobjob;Nakadashi;Fellatio,,66.0,71.0,0,0,1174,0,1174,67,310,244,98,34,488,2025-02-28,,,,"Yuka spends her days in an uncomfortable classroom, eating lunch alone, and thinking only about the time she would sex stream at home. One day, she finds what appears to be a love letter in her shoe locker! When she opens it with high hopes, she finds a screenshot of her latest stream and a letter calling her... The man who called her uses the fact that her stream was exposed as a pretext to pressure her into sex streaming in front of him. Rather than being assaulted... she does as he says and does it until she climaxes, but the man assaults Yuka right after she has climaxed!?<br> <br> (Source: Lune-soft, translated)",JP,True,,https://s4.anilist.co/file/anilistcdn/media/anime/cover/medium/bx185506-e6BT2M2TFz3i.png,#f1bbae,https://s4.anilist.co/file/anilistcdn/media/anime/banner/185506-qYsK2nLRalpJ.jpg,,,Yuka Nonohara,Siokonbu (Original Creator);Ken Raika (Director);Megane Sagari (Storyboard),,True,Yuka Nonohara's Secret Livestream,https://anilist.co/anime/185506,1766657782,0,0,2025-12-26T04:26:26.515387+00:00,anilist
183602,60216.0,Kanojo Face THE ANIMATION,,彼女フェイス THE ANIMATION,Kanojo Face THE ANIMATION,OVA,,20.0,RELEASING,MANGA,WINTER 2025,2025,Pink Pineapple;Shion,Shion,Hentai,Heterosexual,,64.0,69.0,0,0,1099,0,1099,43,207,296,96,29,471,2025-01-31,,,,,JP,True,,https://s4.anilist.co/file/anilistcdn/media/anime/cover/medium/bx183602-8yGvSxmilgjW.png,#e4a178,,,,Sanae Nakagawa;Konishi,Mashiro Shirako (Original Creator);Toshihiro Watase (Director);Toshihiro Watase (Storyboard);Toshihiro Watase (Episode Director),,True,,https://anilist.co/anime/183602,1766658467,0,0,2025-12-26T04:26:26.515487+00:00,anilist
184810,60494.0,Immoral Routine The Animation,,インモラルーティーン The Animation,Immoral Routine The Animation,OVA,,30.0,RELEASING,MANGA,WINTER 2025,2025,Pink Pineapple;Seven,Seven,Hentai,Masturbation;Public Sex;School;Heterosexual;Sex Toys,,69.0,76.0,0,0,1052,0,1052,58,236,194,98,26,498,2025-03-28,,,,"<i>Routine</i><br> When Shouta saw his classmate Nao masturbating in the classroom, he couldn't help but ask her <i>""Do you wanna do that... together?""</i>, and since then, they have been masturbating together in the school building early in the mornings. Seeking some excitement in their daily routine, which had become monotonous and routine, the two decide to ""get down to it for real""...<br> <br> (Source: PinkPineapple, translated and edited)",JP,True,,https://s4.anilist.co/file/anilistcdn/media/anime/cover/medium/bx184810-BJhp0LMwWKpP.png,#c95086,,,,Shouta;Nao,Alp (Original Creator);Saishin Saide (Director),,True,,https://anilist.co/anime/184810,1766712037,0,0,2025-12-26T04:26:26.515508+00:00,anilist
183741,60470.0,Nikuen,,肉園,Nikuen,OVA,,20.0,RELEASING,MANGA,WINTER 2025,2025,Queen Bee;Mediabank,,Hentai,Netorare;Anthology;Rape;Large Breasts;Nudity;Nakadashi;Gyaru;Fellatio;Group Sex,,60.0,65.0,0,0,1043,0,1043,70,270,178,91,57,447,2025-02-21,,,,"<b>Episode 1</b> - <i>Saimin Musume to Tennen Mama</i><br> A friend told Aoi that if she used a hypnosis app, she could make the person she liked fall in love with her again. However, even without relying on the app, she had found a boyfriend about a month ago and they had started dating. Today, Aoi and her boyfriend were heading to her house for a study session. When she opened the front door, her beautiful and elegant mother, Yuko, appeared from the bathroom and greeted her with a smile. However, her lower body was immersed in sexual acts with a stranger. The next day, when Aoi returned home and tried to open the door to her house, a stranger called out to her and showed her his smartphone, pretending to know her mother. The moment she saw the screen, she was hypnotized... The man took her to a room and devoured her defenseless body. After trying it out, Aoi woke up. A strange feeling... Aoi's brain's common sense was altered and she was devoted to being a masturbator. While tremblin",JP,True,,https://s4.anilist.co/file/anilistcdn/media/anime/cover/medium/bx183741-eW11ec61Vg0T.png,#f1bba1,https://s4.anilist.co/file/anilistcdn/media/anime/banner/183741-W2f9epI0gko8.jpg,,,Aoi Mibu;Yuko Mibu;Oji-san 1;Oji-san 2;Kojima,EDA (Original Creator),,True,,https://anilist.co/anime/183741,1766684348,0,0,2025-12-26T04:26:26.515537+00:00,anilist
185001,60390.0,Shiranai Koto Shiritai no? The Animation,,知らないこと知りたいの？ The Animation,Shiranai Koto Shiritai no? The Animation,OVA,,20.0,RELEASING,MANGA,WINTER 2025,2025,Pink Pineapple;Seven,Seven,Hentai,Large Breasts;Nakadashi;Fellatio,,63.0,68.0,0,0,978,0,978,52,212,233,69,23,441,2025-02-28,,,,"<i>Pla-Pura</i><br> When the protagonist's grandfather, who runs a plastic model shop, falls ill, he ends up taking over the business. A regular customer, busty plastic model otaku Risa, appears as a part-timer! Thanks to the strict but reliable Risa, the shop reopens safely, and one day the protagonist discovers a solvent his grandfather made himself. As the protagonist and Risa are chatting after work, he is surprised when Risa starts to get changed without any protection, and ends up spilling the solvent he has on her body! As the protagonist panics, Risa's mood changes and she becomes sexier! As her whole body throbs, the busty girl begs him, ""Please... calm me down?"" ♪<br> <br> (Source: Pinkpineapple, translated)",JP,True,,https://s4.anilist.co/file/anilistcdn/media/anime/cover/medium/bx185001-ueqGXlmN8iVe.png,#e45d6b,,,,,Midori Tokiwa (Original Creator),,True,Don't you wanna learn something new? The Animation,https://anilist.co/anime/185001,1766658079,0,0,2025-12-26T04:26:26.515579+00:00,anilist
183742,60720.0,Ajin ga Osuki nan desu ne♡,,亜人がお好きなんですね♡,Ajin ga Osuki nan desu ne♡,OVA,,20.0,RELEASING,MANGA,WINTER 2025,2025,Queen Bee;Mediabank,,Hentai,Heterosexual;Episodic;Ahegao;Anthology;Fellatio;Female Protagonist;Large Breasts;Nakadashi;Nudity;Primarily Adult Cast,,58.0,63.0,0,0,838,0,838,48,206,144,93,39,356,2025-03-28,,,,"<b>Episode 1</b><br> <br> <i>Koisuru Kuroyagi</i><br> The owner of the mansion was a strict man and always gave a cold response. One night, Maya is seen by him shaving her hair. The owner had a peculiar sexual fetish and was sexually aroused by shaving women's pubic hair. Maya had been in love with him since she came to the mansion, so she pulled up the hem of her skirt to show her pubic hair and asked the owner, who couldn't hide his excitement, to shave her, and he readily agreed. She lathered up shaving soap and worked her way from her waist to her thighs, around her mucous membrane and down to her pubic hair. Maya was so moved by the sight of herself that she wanted to continue.<br> <br> <i>Futarikiri no Orca Show: Kono Koi ni Oborete</i><br> Lucca is performing in a spectacular aqua show. Recently, she has been losing focus and making mistakes. The reason is clear - she is in love with Masaki, who supports her. In order to reciprocate her feelings, the other members lie to the two",JP,True,,https://s4.anilist.co/file/anilistcdn/media/anime/cover/medium/bx183742-WOUbrnj69mhF.png,#f1c9bb,,,,,Jun (Original Creator),,True,,https://anilist.co/anime/183742,1766658448,0,0,2025-12-26T04:26:26.515711+00:00,anilist
185779,61353.0,Hametsu no Yuuwaku,,ハメツの誘惑,Hametsu no Yuuwaku,OVA,,20.0,RELEASING,ORIGINAL,WINTER 2025,2025,Nur,Nur,Hentai,Inseki;Teacher;Public Sex;School;Cunnilingus;Masturbation;Squirting;Nudity;Trains,,55.0,63.0,0,0,600,0,600,26,146,69,65,21,299,2025-03-28,,,,,JP,True,,https://s4.anilist.co/file/anilistcdn/media/anime/cover/medium/bx185779-uzQoDrD3Sy6r.png,#0d6bbb,,,,,Hikaru Kinohara (Character Design);Noji (Director);Ten Tenteke (Producer);PON (Script),,True,,https://anilist.co/anime/185779,1766657614,0,0,2025-12-26T04:26:26.515906+00:00,anilist
184824,60642.0,Yuusha-chan no Bouken wa Owatte Shimatta!,,勇者ちゃんの冒険は終わってしまった！,Yuusha-chan no Bouken wa Owatte Shimatta!,OVA,,15.0,RELEASING,OTHER,WINTER 2025,2025,Mousou Senka,Mousou Senka,Hentai,Rape;Nudity,,52.0,58.0,0,0,462,0,462,24,124,54,45,26,213,2025-02-28,,,,,JP,True,,https://s4.anilist.co/file/anilistcdn/media/anime/cover/medium/bx184824-UcbgUai3o3xd.png,#ae5de4,,,,Yuusha-chan,Meito Hoshina (Original Creator),,True,This Hero Girl's Adventure is OVER!,https://anilist.co/anime/184824,1766658171,0,0,2025-12-26T04:26:26.516039+00:00,anilist
178052,59078.0,Princess-Session Orchestra,,プリンセッション・オーケストラ,Princess-Session Orchestra,TV,,24.0,RELEASING,ORIGINAL,SPRING 2025,2025,King Records;SILVER LINK.,SILVER LINK.,Action;Mahou Shoujo;Music,Henshin;Idol;Kids;Super Power;Female Protagonist;Dancing;Magic;Primarily Female Cast;Cute Girls Doing Cute Things;Superhero,,64.0,67.0,0,0,4319,0,4319,58,1609,27,216,415,2052,2025-04-06,,,,"The anime takes place in Alicepia, which is a mysterious country that has existed since ancient times. The inhabitants of Alicepia, the Alicepians, are a fun-loving people, but one day mysterious monsters called Jamaock appeared to threaten the peace of Alicepia. The story follows a trio of ""princesses"" who never forget the song in their hearts, even when facing such danger and step up to save the day with the power of music. <br><br>  (Source: Anime News Network, Crunchyroll News, edited)",JP,True,#プリオケ,https://s4.anilist.co/file/anilistcdn/media/anime/cover/medium/bx178052-igWygf0ZG1gl.jpg,#1aa1e4,,youtube,KE2gJE29ewQ,Minamo Sorano;Kagari Shirube;Nagase Ichijou;Natsu Hinomoto;Naviiyu,Akifumi Kaneko (Original Plan);Mari Shimazaki (Original Character Design);Shin Oonuma (Director );Yuusuke Sekine (Assistant Director);Manta Aisora (Series Composition),Twitter;Official Site;YouTube;Instagram;Netflix,False,Princession Orchestra;プリオケ;PriOrche,https://anilist.co/anime/178052,1766722998,1768089600,37,2025-12-26T04:26:26.518135+00:00,anilist
186151,60651.0,Yu-Gi-Oh! CARD GAME: THE CHRONICLES (2025),Yu-Gi-Oh! CARD GAME: THE CHRONICLES (2025),Yu-Gi-Oh! CARD GAME: THE CHRONICLES (2025),Yu-Gi-Oh! CARD GAME: THE CHRONICLES (2025),ONA,,4.0,RELEASING,OTHER,SPRING 2025,2025,KONAMI animation,KONAMI animation,Action;Fantasy,Episodic;Card Battle;Advertisement;Female Protagonist;Super Robot;Real Robot;Shapeshifting;Anthropomorphism;Travel;Nekomimi,,57.0,61.0,0,0,2612,0,2612,30,836,99,87,87,1503,2025-04-21,,,,Yu-Gi-Oh! CARD GAME THE CHRONICLES is a monthly short-anime series showcasing Official Card Game-original card themes. It is an expansion of the demo reel of the same name released the previous year.,JP,True,#遊戯王 #yugioh,https://s4.anilist.co/file/anilistcdn/media/anime/cover/medium/bx186151-oUFvXQXVBMMP.png,#1a78d6,,youtube,lMZsDhwGi7o,Raye;Roze;Ecclesia;Fleurdelis;Albaz,"Kazuki Takahashi (Original Creator);Shin Yoshida (Original Story);Seiya Miyajima (Director (eps 1, 2));Yuuki Ogawa (Director (eps 3-8));Mitsutaka Echigo (Series Composition (eps 1-9))",Official Site;Official Site;YouTube,False,,https://anilist.co/anime/186151,1766716195,0,0,2025-12-26T04:26:26.518336+00:00,anilist
185646,60534.0,Koupen-chan,,コウペンちゃん,Koupen-chan,TV_SHORT,,1.0,RELEASING,ORIGINAL,SPRING 2025,2025,Lesprit;Stay Luck,Lesprit,Slice of Life,Iyashikei;Animals;Primarily Animal Cast;Episodic;Chibi;Agender;Educational,,67.0,72.0,0,0,2243,0,2243,49,836,40,93,117,1157,2025-04-06,,,,"The story of the series follows the everyday adventures of Koupen-chan and his friends as they enjoy the little things in life.<br><br> (Source: Crunchyroll News, edited) ",JP,True,#コウペンちゃんアニメ,https://s4.anilist.co/file/anilistcdn/media/anime/cover/medium/bx185646-2eGmsnaSHiLC.jpg,#aed643,https://s4.anilist.co/file/anilistcdn/media/anime/banner/185646-69FyAu3rfhEC.jpg,youtube,L4wurjkd0JM,Koupen-chan;Yokoshima Enaga-san;Otona no Penguin;Adelie-san;Oshite Kureru Type no Shirokuma-san,Rurutea (Original Creator);Kyou Yatate (Director);Youichi Katou (Series Composition);Hiroyuki Nemoto (Art Director);Yoshihito Harisaki (Assistant Art Director),Twitter;Official Site;YouTube,False,,https://anilist.co/anime/185646,1766723050,1766878080,39,2025-12-26T04:26:26.518507+00:00,anilist
186827,61232.0,Fuuki Iin to Fuuzoku Katsudou,,風紀委員とフーゾク活動,Fuuki Iin to Fuuzoku Katsudou,OVA,,16.0,RELEASING,OTHER,SPRING 2025,2025,Bunny Walker;T-REX,T-REX,Hentai,School;Large Breasts;Tanned Skin;Female Protagonist;Male Protagonist;Boobjob;Fellatio;Nakadashi,,70.0,75.0,0,0,1266,0,1266,80,319,246,118,37,546,2025-04-25,,,,"<i>When I transferred to a certain school... I find out I'm the only guy there!</i> Shinji is alone at the school and can't make any friends, but then his classmate Hana talks to him. Shinji is excited to have made his first new friend, but she confesses to him that she is involved in adult entertainment activities to uphold public morals... For the sake of her activities, Hana decides to engage in naughty activities with Shinji!?<br> <br> (Source: Lune-soft, translated)",JP,True,,https://s4.anilist.co/file/anilistcdn/media/anime/cover/medium/bx186827-B9FgO0n9G0IC.png,#e4aea1,https://s4.anilist.co/file/anilistcdn/media/anime/banner/186827-W5UOiG4PgXrk.jpg,,,Shinji Izumi;Hana Sakurai;Chika Kitamura,Don Amano (Original Creator);Ken Raika (Director);Tokku03 (Script);Don Amano (Character Design);Megane Sagari (Storyboard),,True,,https://anilist.co/anime/186827,1766694170,0,0,2025-12-26T04:26:26.518650+00:00,anilist
178445,61599.0,Boku no Risou no Isekai Seikatsu,,ボクの理想の異世界生活,Boku no Risou no Isekai Seikatsu,OVA,,16.0,RELEASING,OTHER,SPRING 2025,2025,Mary Jane,,Hentai,Kemonomimi;Isekai;Female Harem;Slavery;Nekomimi;Flat Chest;Bisexual;LGBTQ+ Themes,,63.0,70.0,0,0,1004,0,1004,40,300,96,101,35,472,2025-05-02,,,,"He becomes a kemonomimi boy in the new world after orgasming<br> <br> A nameless 40-year-old single man loses consciousness from masturbating too much and thinks he has lived his life to the fullest, but when he regains consciousness he sees a cute girl with a worried look on her face in front of him. Her name is Misha, and she calls the man Norun. According to Misha, he had nearly drowned in the river. The man does not understand what is happening, but what he sees reflected in the water is the image of a cute boy with animal ears. The man is reincarnated into another world and becomes a person called Norun. The inhabitants of this world have animal ears and tails, there are more females than males, and it is a polygamous society. And Misha is the girl who will become Norun's first wife. Although they are not yet married, Misha lives with Norun, and does not hesitate to take off her clothes and take a bath with Norun. As Misha washes Norun's body, his crotch begins to swell more and m",JP,True,,https://s4.anilist.co/file/anilistcdn/media/anime/cover/medium/bx178445-Vx7wQLiwH664.png,#86bbe4,,,,Norun;Misha;Chise;Lovemea;40-sai otoko,Ichiri (Original Creator),,True,,https://anilist.co/anime/178445,1766712037,1774537200,4,2025-12-26T04:26:26.518755+00:00,anilist
186058,60980.0,Kuro Gal A La Carte,,黒ギャルアラカルト,Kuro Gal A La Carte,OVA,,20.0,RELEASING,MANGA,SPRING 2025,2025,Queen Bee;Mediabank,,Hentai;Romance,Tanned Skin;Gyaru;Fellatio;Virginity;Teens' Love;Mating Press;Nakadashi,,60.0,66.0,0,0,889,0,889,36,215,114,84,22,454,2025-06-06,,,,"<b>Episode 1</b><br> <br> <i>Teddy Steady & Teddy Steady: One More!!</i><br> Rina Sanjou, a tanned gal, secretly has feelings for Zen Narazaki, her younger childhood friend who is uncool and boring. Zen is made to cosplay as a bear, and Rina is warmed by the sight of him in it. They've been playing dress up since they were little, and as an extension of that, she's been sucking Zen's dick. They've been doing that for a long time. But Zen says he wants to end their relationship. With a sense of despair, Rina tells him her true feelings. <i>""Because it's with you... I want to play dress up. Because it's with you... I want to have sex.""</i> And so, the two finally understand each other's feelings, and become immersed in a world of love and romance.<br> <br> <b>Episode 2</b><br> <br> <i>Oohata-san wa Risou no Gal</i><br> On his first day at his new school, Shigeharu Miyata finds his ideal gal, Juria Oohata. Everything about Juria is ideal from head to toe, and he's happy just to be allowed",JP,True,,https://s4.anilist.co/file/anilistcdn/media/anime/cover/medium/bx186058-knK1uJxYFkVy.png,#f1ae5d,,,,,BUTA (Original Creator),,True,,https://anilist.co/anime/186058,1766708367,0,0,2025-12-26T04:26:26.518776+00:00,anilist
184470,61092.0,Himitsu no AiPri: Ring-hen,,ひみつのアイプリ リング編,Himitsu no AiPri: Ring-hen,TV,,24.0,RELEASING,OTHER,SPRING 2025,2025,OLM;Dongwoo Animation;TV Tokyo;Nihon Ad Systems;Dongwoo Animation;Shogakukan;OLM;KYORAKU;Avex Pictures;Takara Tomy,OLM;Dongwoo Animation,Music;Slice of Life,Idol;Yuri;School;Ensemble Cast;Virtual World;CGI;Boarding School;Henshin;Kids;Female Protagonist,,57.0,69.0,0,0,787,0,787,19,301,8,26,55,397,2025-04-06,,,,"It's a new semester! Himari and Mitsuki have become second-year students of Paradise Private Academy! Their school lives become more and more lively with the introduction of new underclassmen full of individuality and personality. <br><br> In the AiPri-Verse, new AiPri are appearing one after another! Everyone tries their hand at a brand new, never-before-seen Buzzrium Change! In the midst of all this, the mysterious Princess Ring Clover and her butler, Shimitsuu, are holding an Aipri contest. They say the winner will become an admired ""Eternal Aipri."" Himari and Mitsuki are all ready and full of fighting spirit! But it appears Princess Ring holds a very large secret... <br><br> As their friends increase, so does the mysteries of the ring. The Ring arc finally begins! <br><br> (Source: Offiical Website, translated)",JP,True,,https://s4.anilist.co/file/anilistcdn/media/anime/cover/medium/bx184470-m2izEvBeO49C.jpg,#f15df1,,youtube,aM7Q-sCzy8A,Himari Aozora;Mitsuki Hoshikawa;Tsumugi Suzukaze;Chii Mamiya;Ring Clover,"syn Sophia, Inc. (Original Creator);Takara Tomy (Original Creator);Hiromi Nashimoto (Original Character Design);Junichi Fujisaku (Director);Kentarou Yamaguchi (Director)",Official Site;Twitter;YouTube;Instagram;TikTok,False,ひみつのアイプリ 2期;Himitsu no AiPri 2nd Season,https://anilist.co/anime/184470,1766722973,1767486600,39,2025-12-26T04:26:26.518914+00:00,anilist
185166,61166.0,"Akogare no Onna Joushi ga, Aibeya Shucchou no Tonari no Bed de Zetsurin Otoko ni Netorarete Iru",,憧れの女上司が、相部屋出張の隣のベッドで絶倫男に寝取られている,"Akogare no Onna Joushi ga, Aibeya Shucchou no Tonari no Bed de Zetsurin Otoko ni Netorarete Iru",OVA,,22.0,RELEASING,LIGHT_NOVEL,SPRING 2025,2025,Mary Jane,,Hentai,Netorare,,54.0,59.0,0,0,675,0,675,37,172,101,72,38,292,2025-04-04,,,,,JP,True,,https://s4.anilist.co/file/anilistcdn/media/anime/cover/medium/bx185166-nRoGrSNTd13z.png,#e4bb43,,,,Yui,Kaede Aikawa (Original Story),,True,,https://anilist.co/anime/185166,1766657967,0,0,2025-12-26T04:26:26.519042+00:00,anilist
186308,61165.0,Amai Ijiwaru,,甘いイジワル,Amai Ijiwaru,OVA,,24.0,RELEASING,ORIGINAL,SPRING 2025,2025,Nur,Nur,Hentai,,,56.0,66.0,0,0,497,0,497,19,130,53,45,18,251,2025-04-25,,,,,JP,True,,https://s4.anilist.co/file/anilistcdn/media/anime/cover/medium/bx186308-REUfR4DxBB18.png,#f1e4c9,,,,,,,True,,https://anilist.co/anime/186308,1766657464,0,0,2025-12-26T04:26:26.519156+00:00,anilist
188933,61539.0,Princess Burst!: Kiken-bi no Tanetsuke Haramase Shuuchi Battle!,,プリンセスバースト！～危険日の種付け孕ませ羞恥バトル！～,Princess Burst!: Kiken-bi no Tanetsuke Haramase Shuuchi Battle!,OVA,,,RELEASING,VIDEO_GAME,SPRING 2025,2025,Majin petit,,Hentai,Nudity;Rape;Wrestling,,51.0,57.0,0,0,460,0,460,17,137,53,47,24,199,2025-06-27,,,,"Based on the erotic doujin game by Dekisui-sen Lilyon (溺水船リリオン).<br> <br> Yuki Sakurano is on a winning streak as an illegal fighter in underground arenas. One day, the legendary fighter named King comes into her life to scout her as a fighter. Little did Yuki know that this event would drastically change her life in very different ways than she was expecting.<br> <br> (Source: Steam)",JP,True,,https://s4.anilist.co/file/anilistcdn/media/anime/cover/medium/bx188933-akAyf4m11e0y.png,#e4785d,,,,Yuki Sakurano;King,Shiroyabu (Original Character Design),,True,,https://anilist.co/anime/188933,1766712037,0,0,2025-12-26T04:26:26.519201+00:00,anilist
186307,60857.0,Notto Sexaroid Eurie!,,のっと・せくさろいど・エウリィ！,Notto Sexaroid Eurie!,OVA,,15.0,RELEASING,VIDEO_GAME,SPRING 2025,2025,Majin petit,Majin petit,Hentai,Artificial Intelligence;Rape;Female Protagonist;Anal Sex;Double Penetration,,52.0,60.0,0,0,408,0,408,15,118,43,44,19,184,2025-04-25,,,,Based on the erotic doujin game by Moguhachi (もぐハチ).,JP,True,,https://s4.anilist.co/file/anilistcdn/media/anime/cover/medium/bx186307-gFvI6OyQpql0.png,#d6781a,,,,Eurie,Tokku03 (Script);HB (Animation Director);Qeggy (Character Design),,True,,https://anilist.co/anime/186307,1766698152,0,0,2025-12-26T04:26:26.519238+00:00,anilist
184289,60070.0,Kaijuu Sekai Seifuku,,かいじゅうせかいせいふく,Kaijuu Sekai Seifuku,TV_SHORT,,3.0,RELEASING,ORIGINAL,SPRING 2025,2025,DLE;Kotobukiya,DLE,Slice of Life,Kaiju;Chibi;Iyashikei;Primarily Animal Cast;Aliens,,,50.0,0,0,361,0,361,2,112,5,23,52,169,2025-04-05,,,,Following the chaotic and heartwarming daily lives of Kaijuu who have come to Earth to conquer the world and live with their human masters. <br><br> (Source: MyAnimeList),JP,True,,https://s4.anilist.co/file/anilistcdn/media/anime/cover/medium/bx184289-v85FJN0O4S1j.jpg,#5da1f1,,youtube,f8VXXMz6StQ,Mera;Guusuka;Aniki;Sugar;Nushi,Kotobukiya (Original Creator);Kinuta Ooshiro (Director);Hiroko Naka (Script);Rosy Chronicle (Theme Song Performance (ED)),Twitter;Official Site;Instagram;YouTube,False,,https://anilist.co/anime/184289,1766723050,1766786400,39,2025-12-26T04:26:26.519335+00:00,anilist
187304,61164.0,Inshoku-Ou Demar,,淫触王デマール,Inshoku-Ou Demar,OVA,,30.0,RELEASING,ORIGINAL,SPRING 2025,2025,Pink Pineapple;Seven,Seven,Hentai,Tentacles;Rape;Monster Boy;Double Penetration;Fellatio,,53.0,64.0,0,0,309,0,309,15,94,32,34,15,134,2025-05-30,,,,"Rosalia is a beautiful adventurer who once hunted demons alongside heroes. After retiring from the front lines, she ran an orphanage in a remote area, living a quiet life while taking in orphaned children. But one day, she found an insect in the orphanage... It was a split body of Demar, the King of Lust, a powerful enemy she had defeated during her time as an adventurer. <i>""You can't be... you're still looking for me...""</i> Rosalia stood alone, trying to ward off the demonic clutches of revenge, but countless tentacles attacked her ripe body――!?<br> <br> (Source: PinkPineapple, translated)",JP,True,,https://s4.anilist.co/file/anilistcdn/media/anime/cover/medium/bx187304-CwTKRUiG6kRd.png,#fea128,,,,Rosalia;Demar,Ao Ishii (Director),,True,Roi des tentacules obscènes Demar,https://anilist.co/anime/187304,1766704926,0,0,2025-12-26T04:26:26.519381+00:00,anilist
186313,60947.0,Nmeneko,,ンめねこ,Nmeneko,TV_SHORT,,2.0,RELEASING,OTHER,SPRING 2025,2025,Kumarba;TBS;HUNET;Kumarba,Kumarba,Comedy,Animals;Primarily Animal Cast;Episodic;Iyashikei;Food;Chibi;Crossover,,,54.0,0,0,304,0,304,4,106,8,15,55,120,2025-04-04,,,,Follows the funny and amusing daily lives of two cats who want to live life doing only fun things. <br><br> (Source: Anime News Network),JP,True,,https://s4.anilist.co/file/anilistcdn/media/anime/cover/medium/bx186313-29gCf3CWJu1n.jpg,#f1ae28,,youtube,6yBpNLsdXX4,Nmeneko;Usukuro;Sonic the Hedgehog;Miles Prower;Miku Hatsune,Shirimoto (Original Creator);Tommy Hino (Director);Hideaki Shirasaka (Series Composition);Hideaki Shirasaka (Script);Maju Arai (Theme Song Performance (ED1)),Official Site;Twitter;YouTube;Instagram,False,,https://anilist.co/anime/186313,1766723033,1767286680,39,2025-12-26T04:26:26.519448+00:00,anilist
188239,61258.0,Transformers: Wild King,,トランスフォーマー ワイルドキング,Transformers: Wild King,ONA,14.0,4.0,RELEASING,OTHER,SPRING 2025,2025,Infinity Vision;Type ZERO,Infinity Vision;Type ZERO,Action;Mecha;Sci-Fi,Full CGI;Super Robot;Shapeshifting;Animals;Dinosaurs;Cars;Advertisement,,,48.0,0,0,177,0,177,4,49,8,12,40,68,2025-03-26,,,,"The story takes place on the planet Elementros, which has unknown powers. The main character, Optimus Prime, follows his friend Megatron and lands on this planet. There, Optimus meets Lightlong, a giraffe-type Transformer who is an energy beast. According to Lightlong, the energy beasts that live on Elementros in the form of animals and dinosaurs have five elements of ""element energy"" hidden within them: fire, water, earth, nature, and lightning. Suddenly, Megatron attacks. Optimus and Lightlong use the power of their bond to awaken the ability to transform and combine [Wild King]. Optimus joins forces with the animals, and Megatron commands the dinosaurs. What will be its fate?! <br><br> (Source: Youtube)",JP,True,#トランスフォーマー #ワイルドキング,https://s4.anilist.co/file/anilistcdn/media/anime/cover/medium/bx188239-ktV7LXrb8yHH.png,#f1c935,,youtube,2NZxM00c_Lo,Convoy;Megatron,Takara Tomy (Original Creator);Tomoki Yoshisawa (Director);Takahiro Nagano (Series Composition);Naoki Yamashita (CG Director);Takumi Itou (Sound Director),Official Site;YouTube;Twitter,False,,https://anilist.co/anime/188239,1766656722,1768352400,14,2025-12-26T04:26:26.519551+00:00,anilist
185718,60596.0,Sai-Kyo-Oh! Zukan: The Ultimate Tournament,,最強王図鑑 ～The Ultimate Tournament～,Sai-Kyo-Oh! Zukan: The Ultimate Tournament,TV_SHORT,,11.0,RELEASING,OTHER,SPRING 2025,2025,OLM,OLM,Action,Ensemble Cast;Animals;Dinosaurs;Dragons;Full CGI;Educational,,,57.0,0,0,172,0,172,3,66,2,8,30,66,2025-04-06,,,,Sequel to <i>Sai-Kyo-Oh! Zukan: The Ultimate Battles.</i>,JP,True,#最強王,https://s4.anilist.co/file/anilistcdn/media/anime/cover/medium/bx185718-luZZKvM7pOZ2.png,#1aaed6,,youtube,lf2aU1au_Ho,Mr. Most,Kunihiko Yuyama (Chief Director);Makoto Satou (Director);Shinji Satou (Series Composition);Toonz Imai (Character Design);Kisuke Koizumi (Sound Director),Twitter;Official Site;YouTube,False,,https://anilist.co/anime/185718,1766640035,1766873760,39,2025-12-26T04:26:26.519574+00:00,anilist
177474,58811.0,Tougen Anki,TOUGEN ANKI,桃源暗鬼,Tougen Anki,TV,24.0,24.0,RELEASING,MANGA,SUMMER 2025,2025,Pony Canyon;Studio Hibari;Dentsu;Nippon Television Network;Akita Shoten;Studio Hibari,Studio Hibari,Action;Mystery;Supernatural,Demons;Shounen;Guns;Male Protagonist;Shapeshifting;Urban Fantasy;Revenge;Large Breasts;CGI;Super Power,,65.0,65.0,0,0,53537,0,53537,899,25798,829,1306,3934,21670,2025-07-11,,,,"The bloodlines of “Oni” and “Momotarou” have been passed down among certain humans for generations.<br> <br> Long ago, the Oni, aware of their own ferocity, lived in seclusion. However, their peace was shattered by an invasion led by Momotarou. Over thousands of years, these two factions formed the “Momotarou Agency” and the “Oni Agency,” respectively, and have been locked in conflict ever since.<br> <br> The protagonist, Shiki Ichinose, suddenly learns of his Oni lineage following an unexpected attack by Momotarou. This revelation sets Shiki on a path to discover the destiny that lies within his blood — a meeting with the Oni dwelling within him.<br> <br> —A new generation of dark heroics begins here in this tale of demons! <br> <br> (Source: Official Site)",JP,True,#桃源暗鬼,https://s4.anilist.co/file/anilistcdn/media/anime/cover/medium/bx177474-oHil1yLWldfl.jpg,#ff5d1a,,youtube,2AddvIbCrr8,Shiki Ichinose;Naito Mudano;Jin Kougasaki;Ikari Yaoroshi;Jyuuji Yusurube,Yura Urushibara (Original Creator);Ato Nonaka (Director  );Hiroyuki Hashimoto (Assistant Director);Yukie Sugawara (Series Composition);Ryouko Amisaki (Character Design),Official Site;YouTube;Twitter;TikTok;Official Site;Netflix;Crunchyroll;Bilibili TV;iQ;Amazon Prime Video,False,Tougen Anki: Legend of the Cursed Blood;Tougen Anki: Dark Demon of Paradise,https://anilist.co/anime/177474,1766722881,1766757600,24,2025-12-26T04:26:26.520546+00:00,anilist
169420,56693.0,Watari-kun no xx ga Houkai Sunzen,Watari-kun's ****** Is about to Collapse,渡くんの××が崩壊寸前,Watari-kun no xx ga Houkai Sunzen,TV,26.0,23.0,RELEASING,MANGA,SUMMER 2025,2025,Staple Entertainment;NBCUniversal Entertainment Japan,Staple Entertainment,Comedy;Drama;Romance;Slice of Life,Male Protagonist;Love Triangle;Kuudere;Primarily Teen Cast;Heterosexual;Coming of Age;Yandere;Family Life;Seinen;Adoption,,59.0,60.0,0,0,22193,0,22193,345,10110,389,579,2223,8892,2025-07-05,2025-12-27,,,"Naoto Watari lives solely for his little sister, Suzushiro, until his chaotic childhood friend, Satsuki, storms back into his life. Without uttering a single word, her very presence ignites buried memories and unravels his rigid routine. As tensions rise and secrets surface, Naoto’s devotion to Suzushiro clashes with unresolved pain, threatening to collapse his fragile world.<br> <br> (Source: Crunchyroll)",JP,True,#渡くん,https://s4.anilist.co/file/anilistcdn/media/anime/cover/medium/bx169420-u4wDhHlTfX9P.jpg,#c9e493,https://s4.anilist.co/file/anilistcdn/media/anime/banner/169420-jdvNFYe9Oa4v.jpg,youtube,d9GC8-kCA_4,Satsuki Tachibana;Naoto Watari;Suzushiro Watari;Tamayo Watari;Yukari Ishihara,Naru Narumi (Original Creator);Takashi Naoya (Director);Matsuo Asami (Assistant Director);Tatsuya Takahashi (Series Composition);Shouko Yasuda (Character Design),Twitter;Official Site;Crunchyroll,False,,https://anilist.co/anime/169420,1766722953,1766764800,26,2025-12-26T04:26:26.521030+00:00,anilist
191452,61583.0,Immoral Game Master THE ANIMATION,,淫モラル・ゲームマスター THE ANIMATION,Immoral Game Master THE ANIMATION,OVA,,20.0,RELEASING,MANGA,SUMMER 2025,2025,Pink Pineapple;Seven,Seven,Adventure;Fantasy;Hentai,Virtual World;Anal Sex;Rape;Large Breasts;Prostitution;Tentacles;School;Cervix Penetration,,60.0,66.0,0,0,809,0,809,41,240,119,67,28,355,2025-07-25,,,,"A young boy, Mario, is asked by his father, who works for a video game company, to become the GM. Although he is not keen, as a result of his analysis, he realizes that he can experience the same stimulation he received in the game in real life, and as an experiment, he sets his sights on a quiet girl named Koharu Takashina. Koharu wishes to become “a useful and gorgeous character,” which is the opposite of reality. However, the class she is given is that of a prostitute! After being raped by a rough man, her womb starts tingling, even though she is still a virgin in real life...<br> <br> (Source: PinkPineapple, translated)",JP,True,,https://s4.anilist.co/file/anilistcdn/media/anime/cover/medium/bx191452-5303uC2Sntze.png,#e4a150,,,,Mario Kuga;Koharu Takashina;Saya Natsume,Yuu Ichinomiya (Original Creator);Saishin Saide (Director),,True,,https://anilist.co/anime/191452,1766712037,0,0,2025-12-26T04:26:26.522612+00:00,anilist
195068,61935.0,Purepure Peropero Princess,,ピュアピュア ぺろぺろ プリンセス,Purepure Peropero Princess,OVA,,,RELEASING,VISUAL_NOVEL,SUMMER 2025,2025,Juicy Mango;Lune Pictures;Ryuu M's,Ryuu M's,Hentai,Isekai;Matriarchy;Medieval;Nakadashi;Fellatio;Squirting;Boobjob;Handjob;Group Sex;Threesome,,59.0,67.0,0,0,527,0,527,27,164,90,50,24,199,2025-08-29,,,,"Based on the erotic game by DWARFSOFT.<br> <br> Toshio is a 42-year-old single man whose hobby is visiting brothels. A woman who calls herself Iris suddenly appears in front of him and begs Toshio to teach her how to please a man! Toshio, who has an insatiable libido, has no way of refusing the offer, so he uses his skills to give Iris, who has no sexual knowledge whatsoever, a sex education! However, Iris' true identity is that of a princess from another world... Queen Cattleya appears, unable to bear to see the princess have fallen so completely!<br> <br> (Source: Lune-soft, translated)",JP,True,,https://s4.anilist.co/file/anilistcdn/media/anime/cover/medium/bx195068-LOr1MKlDtH4Y.png,#e4d65d,https://s4.anilist.co/file/anilistcdn/media/anime/banner/195068-uvCtq4TatgJe.jpg,,,Toshio Kaname;Iris;Cattleya,ORCSOFT (Original Creator);Kuroitsu Suruga (Original Character Design);Tatsumi (Director);Tatsumi (Storyboard);Shinichirou Sawayama (Script),,True,,https://anilist.co/anime/195068,1766655118,0,0,2025-12-26T04:26:26.522761+00:00,anilist
193707,,Mujin Eki The Animation,,無人駅 The Animation ,Mujin Eki The Animation,OVA,,20.0,RELEASING,OTHER,SUMMER 2025,2025,Show-Ten;T-REX,T-REX,Hentai,Rape,,54.0,60.0,0,0,446,0,446,19,144,85,37,21,159,2025-08-29,,,,,JP,True,,https://s4.anilist.co/file/anilistcdn/media/anime/cover/medium/bx193707-kOyJ9fzeQPZC.png,#f1bb93,,,,,Hissatsukun (Original Creator),,True,Mujineki The Animation;Unmanned station The Animation,https://anilist.co/anime/193707,1766655388,0,0,2025-12-26T04:26:26.522784+00:00,anilist
193347,61789.0,Shachiku Cinderella,,社畜シンデレラ,Shachiku Cinderella,OVA,,,RELEASING,ORIGINAL,SUMMER 2025,2025,Nur edel,Nur edel,Hentai,,,54.0,63.0,0,0,405,0,405,19,108,46,31,15,205,2025-08-29,,,,,JP,True,,https://s4.anilist.co/file/anilistcdn/media/anime/cover/medium/bx193347-EnTUvSR3JOgd.png,#f1c9ae,,,,,,,True,,https://anilist.co/anime/193347,1766655434,0,0,2025-12-26T04:26:26.522824+00:00,anilist
192452,61909.0,Koushoku no Chuugi Kunoichi Botan,,好色の忠義くノ一ぼたん,Koushoku no Chuugi Kunoichi Botan,OVA,,20.0,RELEASING,OTHER,SUMMER 2025,2025,Queen Bee,,Hentai,Flat Chest;Netorare;Ninja;Nakadashi,,54.0,61.0,0,0,401,0,401,21,129,57,45,13,157,2025-08-29,,,,"<i>""I'd like to borrow Botan for a while.""</i> Botan is a female ninja about to get married. She is asked by her uncle, who is also a benefactor, to help support the declining samurai estate and her beloved lord. As invited and ordered by her uncle, she hides from the master she should be serving and lets her small body be violated. Despite her reason, which she sees as a duty, her body inevitably responds to the pleasure...<br> <br> (Source: Mediabank, translated)",JP,True,,https://s4.anilist.co/file/anilistcdn/media/anime/cover/medium/bx192452-sPIuxMLvBMNT.png,#fe9350,,,,,Kyou Tanabe (Original Creator),,True,,https://anilist.co/anime/192452,1766655647,0,0,2025-12-26T04:26:26.522841+00:00,anilist
195034,61936.0,Korette Naani?,,これってナ～ニ？,Korette Naani?,OVA,,,RELEASING,ORIGINAL,SUMMER 2025,2025,Nur,Nur,Hentai,,,,69.0,0,0,352,0,352,17,95,31,26,12,188,2025-09-26,,,,,JP,True,,https://s4.anilist.co/file/anilistcdn/media/anime/cover/medium/bx195034-kh5FbK07fShG.png,#d678a1,,,,,,,True,,https://anilist.co/anime/195034,1766655122,1769698800,2,2025-12-26T04:26:26.522856+00:00,anilist
195033,61937.0,Kiken na Mori Onigokko,,危険な森 おにごっこ,Kiken na Mori Onigokko,OVA,,,RELEASING,OTHER,SUMMER 2025,2025,Majin petit,Majin petit,Hentai,,,45.0,48.0,0,0,329,0,329,12,88,27,27,19,168,2025-09-26,,,,"Based on the erotic doujin game by x-rabbit (えっくす・らびっと).<br> <br> In a certain deep forest, there is a girl walking alone. Her name is Alps. And this is a dangerous forest where many terrible creatures lurk. But Alps is frightened and goes on her way. To save her sick sister, she continues to walk out of the forest with a medicinal herb in her hand. Alps is still walking, <i>""Wait for me. Sister"".</i> However, the forest is not as sweet as one's determination. A big monkey in heat forced her to sow her seed, and a boar attacked her with his huge body. Furthermore, she also encounters a group of men of dubious character.... The lone, dainty girl is nothing but food for the beasts. What will be the fate of Alps?... Alps wanders through a dangerous forest to save her sister. Her white soft skin emerges in the dimly lit forest. The huge body of a boar, a big monkey in heat, rests on it. A glossy pink color emerges on her heated body.<br> <br> (Source: Getchu, translated)",JP,True,,https://s4.anilist.co/file/anilistcdn/media/anime/cover/medium/bx195033-U5Y8Hy5zbnMC.png,#5daee4,,,,Alps,x-rabbit (Original Creator);Manpiece (Planning);Yukitoshi Motoyama (Producer);Mihiro (Storyboard);Tokku03 (Script),,True,Alps and the Dangerous Forest,https://anilist.co/anime/195033,1766480930,0,0,2025-12-26T04:26:26.522908+00:00,anilist
191451,,Kyou wa Yubiwa wo Hazusu kara......,,今日は指輪を外すから……,Kyou wa Yubiwa wo Hazusu kara......,OVA,,20.0,RELEASING,ORIGINAL,SUMMER 2025,2025,Nur,Nur,Hentai,,,,62.0,0,0,259,0,259,12,70,21,15,13,140,2025-07-25,,,,"<i>""Yeah, you're doing well. You've grown up.""</i> Shinsuke is praised by his admired senior Miyuki. He was carefully trained from the time he was a new employee, encouraged by her consideration, admired and had feelings for her. Recently, she has been working remotely from home, and meetings are held over the internet. He was happy to get a glimpse of her home, but what he saw on the screen when he forgot to turn it off... Shinsuke, seeing her in a shameless state that would be bad if anyone knew about it, takes his married senior to the hotel, overwriting her as if he's tearing her apart. Miyuki, overflowing without resistance as if she's given up, is absorbed in their fleeting intercourse as if she's lost herself. What happens to them is...",JP,True,,https://s4.anilist.co/file/anilistcdn/media/anime/cover/medium/bx191451-weddKt3utNpb.png,#aec9f1,,,,,Hikaru Kinohara (Character Design);Ten Tenteke (Producer);PON (Script);Noji (Director),,True,,https://anilist.co/anime/191451,1766481389,0,0,2025-12-26T04:26:26.522952+00:00,anilist
193883,61765.0,Chibi Godzilla no Gyakushuu 3,Chibi Godzilla Raids Again Season 3,ちびゴジラの逆襲(第3期),Chibi Godzilla no Gyakushuu 3,TV_SHORT,,3.0,RELEASING,OTHER,SUMMER 2025,2025,Pie in the sky;Toho,Pie in the sky,Comedy;Fantasy,Chibi;Kaiju,,,68.0,0,0,174,0,174,5,65,4,5,19,81,2025-07-02,,,,Sequel to <i>Chibi Godzilla no Gyakushuu 2</i>.,JP,True,#ちびゴジラの逆襲 #ちびゴジラ,https://s4.anilist.co/file/anilistcdn/media/anime/cover/medium/bx193883-Im5tNHwtfAmz.jpg,#f1ae43,,youtube,ki-dtolF7wY,Chibi Godzilla;Chibi Mechagodzilla;Chibi Mothra;Chibi Rodan;Chibi Ghidorah,Taketo Shinkai (Director);Suiyoubi no Campanella (Theme Song Performance (OP));Chiharu Sakazaki (Character Design),Official Site;TikTok;YouTube;Twitter;YouTube;Instagram,False,Chibi Godzilla no Gyakushuu 2025;Chibi Gojira no Gyakushuu 3,https://anilist.co/anime/193883,1766701667,1767132360,27,2025-12-26T04:26:26.523070+00:00,anilist
188653,61290.0,Punirunes Puni 3,,ぷにるんず ぷに３,Punirunes Puni 3,TV_SHORT,26.0,12.0,RELEASING,VIDEO_GAME,SUMMER 2025,2025,OLM,OLM,Slice of Life,Kids;Full CGI,,,50.0,0,0,113,0,113,0,33,4,3,30,43,2025-07-05,2025-12-27,,,Third season of <i>Punirunes</i>.,JP,True,#ぷにるんず #ぷに活,https://s4.anilist.co/file/anilistcdn/media/anime/cover/medium/bx188653-B24R4Eo7GMi2.jpg,#e4d65d,,youtube,bzqAsW-FXok,Yuka;Airune;Enerune;Loverune;Ururune,Takara Tomy (Original Creator);Haruki Kasugamori (Director);Gigaemon Ichikawa (Series Composition);Sayuri Ichiishi (Character Design);Noriyoshi Konuma (Sound Director),Twitter;Instagram;Official Site,False,,https://anilist.co/anime/188653,1766557314,1766796300,26,2025-12-26T04:26:26.523166+00:00,anilist
196229,62046.0,Tomica Heroes Jobraver: Tokusou Gattai Robo (TV),,トミカヒーローズ ジョブレイバー 特装合体ロボ (TV),Tomica Heroes Jobraver: Tokusou Gattai Robo (TV),TV_SHORT,,12.0,RELEASING,OTHER,SUMMER 2025,2025,Half H.P Studio;Infinity Vision;Takara Tomy;Shogakukan-Shueisha Productions;Shogakukan Music & Digital Entertainment,Shogakukan Music & Digital Entertainment,Action;Mecha,Full CGI;Advertisement;Kids;Super Robot;Shapeshifting;Work;Cars,,,36.0,0,0,52,0,52,2,13,5,0,13,21,2025-07-06,,,,"The anime features ""Braver"" units, which combine job-related robots called ""Jobroids"" with ""Armor Tomica"" automobiles related to police, fire fighters, emergency medical personnel, trash collecting, and construction. <br><br> (Source: Anime News Network)",JP,True,,https://s4.anilist.co/file/anilistcdn/media/anime/cover/medium/bx196229-5QTc73K7LoV8.png,#e4a15d,,youtube,XBeQZ77OYyA,,Takara Tomy (Original Creator);Takuya Minezawa (Director);Gigaemon Ichikawa (Series Composition);Takayuki Hayakawa (CG Director);Takumi Itou (Sound Director),Official Site;YouTube,False,JOBRAVER Animation (TV),https://anilist.co/anime/196229,1766567719,1766921400,26,2025-12-26T04:26:26.523265+00:00,anilist
196227,62083.0,TOMICA & TOM,,トミカとトム,TOMICA & TOM,TV_SHORT,,2.0,RELEASING,OTHER,SUMMER 2025,2025,Takara Tomy;Tsumupapa,Tsumupapa,Slice of Life,Animals;Advertisement;Cars;Kids;Primarily Animal Cast;Anthropomorphism,,,44.0,0,0,47,0,47,1,17,1,0,12,17,2025-07-20,,,,"After you fall asleep or while you're out, what are Tomica and Tom doing? Are they sleeping peacefully in the toy box? Are they just sitting there on the floor? Or maybe... No one knows the story of Tomica and Tom, but today we'll let you in on a special secret. <br><br> (Source: Official site)",JP,True,,https://s4.anilist.co/file/anilistcdn/media/anime/cover/medium/bx196227-B9kbcrGihskA.png,#e47828,,youtube,Lgj9wFPjmEw,Tom;Chuu;Marie;Jam;Chibettsu,Takara Tomy (Original Creator);Tsumupapa (Original Creator);Tsumupapa (Director);Tsumupapa (Series Composition);Takashi Iitsuka (Editing),Official Site;Twitter;YouTube,False,Tomica to Tom;Tomica and Tom,https://anilist.co/anime/196227,1766567721,1768692600,7,2025-12-26T04:26:26.523290+00:00,anilist
199486,61914.0,Neko Konogoro: Tenka Toitsu-hen,,ネコこのゴロ～天下統一編～,Neko Konogoro: Tenka Toitsu-hen,TV_SHORT,,1.0,RELEASING,MANGA,SUMMER 2025,2025,Kachidoki Studio,Kachidoki Studio,Comedy,Historical;Animals;Royal Affairs,,,20.0,0,0,19,0,19,0,1,3,0,5,10,2025-07-03,,,,"Follows Nekotarou, a cat from Kagoshima who aims to unify the country. <br><br> (Source: Anime News Network)",JP,True,,https://s4.anilist.co/file/anilistcdn/media/anime/cover/medium/bx199486-KFraM4B7D8hY.jpg,#f1a143,,,,,STUDY (Original Character Design);Hiroshi Namiki (Director);Yuu Saitou (Sound Director);Rin Aira (Theme Song Performance);STUDY (Theme Song Lyrics),,False,Neko Konogoro: Country Unification Arc,https://anilist.co/anime/199486,1766654169,0,0,2025-12-26T04:26:26.523308+00:00,anilist
153800,52807.0,One Punch Man 3,One-Punch Man Season 3,ワンパンマン３,One Punch Man 3,TV,12.0,24.0,RELEASING,MANGA,FALL 2025,2025,J.C.STAFF;Bandai Namco Filmworks;TV Tokyo;ADK Marketing Solutions;JR Higashi Nihon Kikaku;Shueisha;Bandai Namco Music Live;BANDAI SPIRITS;Good Smile Company,J.C.STAFF,Action;Comedy;Sci-Fi;Supernatural,Superhero;Super Power;Parody;Male Protagonist;Urban Fantasy;Drugs;Primarily Adult Cast;Primarily Male Cast;Urban;Surreal Comedy,,54.0,54.0,0,0,121842,423,121842,2242,42014,2611,1352,5157,70708,2025-10-12,2025-12-28,,,"The third season of <i>One Punch Man</i>.<br><br> Saitama is a hero who only became a hero for fun. After three years of ""special training,"" he’s become so strong that he's practically invincible. In fact, he's too strong—even his mightiest opponents are taken out with a single punch. Alongside Genos, his faithful disciple, Saitama performs his official hero duties as a member of the Hero Association.<br><br> One day, monsters claiming to be from the Monster Association suddenly appeared, taking a child of Hero Association executive hostage. The S-class heroes gather and plan a raid on the Monster Association hideout to rescue the hostage. Meanwhile, Garou, a ""human monster"" who was taken by the Monster Association during a battle with the heroes, awakens in the Monster Association hideout.<br><br> (Source: EMOTION Label YouTube Channel Description)<br><br> <i>Note: Excludes recap episode that aired a week before regular broadcast.</i>",JP,True,#ワンパンマン #onepunchman,https://s4.anilist.co/file/anilistcdn/media/anime/cover/medium/bx153800-8SpzdHOaZCoU.jpg,#e4ae50,https://s4.anilist.co/file/anilistcdn/media/anime/banner/153800-bgkLxE9SHmUi.jpg,youtube,_YTSMopxyqY,Saitama;Garou;Genos;Bang ;King,ONE (Original Story);Yuusuke Murata (Original Character Design);Shinpei Nagai (Director);Tomohiro Suzuki (Series Composition);Chikashi Kubota (Character Design),Official Site;Twitter;Instagram;Hulu;Netflix;Disney Plus;Facebook;Crunchyroll;Bilibili TV;Disney Plus;YouTube,False,OPM3;ون بنش مان 3;رجل اللكمة الواحدة 3;วันพันช์แมน ซีซั่น 3,https://anilist.co/anime/153800,1766722929,1766933160,12,2025-12-26T04:26:26.523348+00:00,anilist
177937,59027.0,SPY×FAMILY Season 3,SPY x FAMILY Season 3,SPY×FAMILY Season 3,SPY×FAMILY Season 3,TV,13.0,24.0,RELEASING,MANGA,FALL 2025,2025,WIT STUDIO;CloverWorks;Toho;Shueisha;TV Tokyo;WIT STUDIO;CloverWorks;Shogakukan-Shueisha Productions,WIT STUDIO;CloverWorks,Action;Comedy;Slice of Life;Supernatural,Espionage;Urban;Urban Fantasy;Female Protagonist;Assassins;Male Protagonist;Super Power;Martial Arts;Found Family;Shounen,,81.0,81.0,0,239,87808,0,87808,1405,43529,1725,924,465,41165,2025-10-04,2025-12-27,,,"The third season of <i>SPY×FAMILY</i>. <br><br> World peace is at stake and secret agent Twilight must undergo his most difficult mission yet—pretend to be a family man. Posing as a loving husband and father, he’ll infiltrate an elite school to get close to a high-profile politician. He has the perfect cover, except his wife’s a deadly assassin and neither knows each other’s identity. But someone does, his adopted daughter who’s a telepath!<br><br> (Source: Crunchyroll)",JP,True,#SPY_FAMILY #スパイファミリー,https://s4.anilist.co/file/anilistcdn/media/anime/cover/medium/bx177937-Tzgg6rAdhCoH.jpg,#e4935d,https://s4.anilist.co/file/anilistcdn/media/anime/banner/177937-jty4x7qBWG5n.jpg,youtube,9-JreaprnO0,Anya Forger;Loid Forger;Yor Forger;Bond;Becky Blackbell,Tatsuya Endou (Original Creator);Yukiko Imai (Director );Rino Yamazaki  (Series Composition);Kazuaki Shimada (Character Design);Minami Usui (Art Director),Official Site;Instagram;Twitter;TikTok;Crunchyroll;Hulu;Bilibili TV;YouTube;iQ,False,SxF 3;スパイファミリー 3;SPY×FAMILY ซีซั่น 3,https://anilist.co/anime/177937,1766722947,1766844000,13,2025-12-26T04:26:26.523381+00:00,anilist
162669,54703.0,Fumetsu no Anata e Season 3,To Your Eternity Season 3,不滅のあなたへ Season 3,Fumetsu no Anata e Season 3,TV,22.0,25.0,RELEASING,MANGA,FALL 2025,2025,Drive;Studio Massket;NHK Enterprises;Crunchyroll,Drive;Studio Massket,Adventure;Drama;Fantasy;Psychological;Supernatural,Urban Fantasy;Shapeshifting;Philosophy;Urban;Suicide;Shounen;Yandere;LGBTQ+ Themes;Yuri;School,,77.0,78.0,0,0,40913,0,40913,638,15153,469,519,443,24329,2025-10-04,,,,"<b>The story of Fushi the immortal enters the modern era.</b> <br><br> Following the battles in Renril, Fushi, like a tree, spreads his roots throughout the world, fighting to eliminate the Nokkers. Hundreds of years later, having completed his mission, he awakens in the modern era. He enjoys a life of peace, free of enemy threats and surrounded by precious friends, new and old. But ominous shadows grow near yet again. Enemies that enter into the fissures of the mind. And Fushi learns of the true goals of his creator, the Beholder. <br><br> Faced with new trials, the time approaches for Fushi to make the ultimate decision. <br><br> (Source: NHK PR, edited)",JP,True,#不滅のあなたへ,https://s4.anilist.co/file/anilistcdn/media/anime/cover/medium/bx162669-FLYUTftoXgMh.jpg,#f1a150,https://s4.anilist.co/file/anilistcdn/media/anime/banner/162669-SvOE44IccAT0.jpg,youtube,JmT51BjIJ5w,Fushi;Yuuki Aoki;Mizuha;Kansatsu-sha;Hanna,Yoshitoki Ooima (Original Creator);Kiyoko Sayama (Chief Director);Souta Yokote (Director);Shinzou Fujita (Series Composition);Kouji Yabuno (Character Design),Twitter;Official Site;Twitter;Crunchyroll;Bilibili TV,False,,https://anilist.co/anime/162669,1766722952,1766846700,13,2025-12-26T04:26:26.523513+00:00,anilist
180082,59517.0,Chitose-kun wa Ramune Bin no Naka,Chitose Is in the Ramune Bottle,千歳くんはラムネ瓶のなか,Chitose-kun wa Ramune Bin no Naka,TV,13.0,,RELEASING,LIGHT_NOVEL,FALL 2025,2025,feel.;KADOKAWA;Good Smile Company;Good Smile Film;REMOW;Shogakukan;newgin;TOKYO MX;BS11;AT-X;Kadokawa Media House,feel.,Comedy;Romance,Female Harem;Primarily Teen Cast;School;Philosophy;Coming of Age;Male Protagonist;Rehabilitation;Rural;Primarily Female Cast;Baseball,,68.0,69.0,0,0,23792,0,23792,363,11890,115,382,1129,10276,2025-10-07,,,,"Being popular isn’t easy. It’s hard to beat Saku Chitose. The most popular kid in his high school? Check. An ironclad reputation that can weather even vicious online attacks? Check. A group of friends as attractive on the outside as they are inside? Check. But when a teacher asks for his help bringing back a student who has been shut away in his room for months, Saku’s perfect world will never be the same. What is this, some kind of normie harem story...?<br> <br> (Source: Yen Press) <br><br> <i>Note: The first episode has an extended runtime of ~34 minutes.</i>",JP,True,#チラムネ,https://s4.anilist.co/file/anilistcdn/media/anime/cover/medium/bx180082-IZAlf06G2VVm.png,#43aeff,https://s4.anilist.co/file/anilistcdn/media/anime/banner/180082-EoMpR2lHsD73.jpg,youtube,wC7FYPFHLeQ,Saku Chitose;Yuuko Hiiragi;Yua Uchida;Yuzuki Nanase;Haru Aomi,Hiromu (Original Story);Raemz (Original Character Design);Yuuji Tokuno (Director);Naruhisa Arakawa (Series Composition);Sumie Kinoshita (Character Design),Official Site;Twitter;Crunchyroll;Bilibili TV;YouTube,False,Ramune no Bin ni Shizunda Biidama no Tsuki;ラムネの瓶に沈んだビー玉の月;Chiramune;チラムネ;ชีวิตรสโซดาของจิโตะเสะคุง,https://anilist.co/anime/180082,1766722955,1767085200,10,2025-12-26T04:26:26.523859+00:00,anilist
187464,61159.0,Toujima Tanzaburou wa Kamen Rider ni Naritai,Tojima Wants to Be a Kamen Rider,東島丹三郎は仮面ライダーになりたい,Toujima Tanzaburou wa Kamen Rider ni Naritai,TV,24.0,24.0,RELEASING,MANGA,FALL 2025,2025,Aniplex;LIDENFILMS;Crunchyroll;Kinoshita Group;TOKYO MX,LIDENFILMS,Action;Comedy,Chuunibyou;Male Protagonist;Superhero;Henshin;Tokusatsu;Surreal Comedy;Nudity,,73.0,74.0,0,0,15656,0,15656,288,8765,88,249,656,5898,2025-10-05,,,,"Tanzaburo Tojima has dreamt of becoming a Kamen Rider his whole life. But now that he’s 40 years old, he’s starting to think his dream may never come true…until he’s swept up in a series of crimes inspired by the infamous “Shocker”! From Air Master and 81 Diver’s Shibata Yokusaru comes a wild, heartfelt tale about adults who love Kamen Rider a little too much and start playing pretend—for real!<br><br>  (Source: Crunchyroll)",JP,True,#東島ライダー,https://s4.anilist.co/file/anilistcdn/media/anime/cover/medium/bx187464-NJtK3VC54vPm.jpg,#e4bb43,https://s4.anilist.co/file/anilistcdn/media/anime/banner/187464-hKvfyQ2VWlYt.jpg,youtube,76c3cCV1BcU,Tanzaburou Toujima;Yuriko Okada;Ichiyo Shimamura;Mitsuha Shimamura;Yukarisu,Yokusaru Shibata (Original Creator);Takahiro Ikezoe (Director);Touko Machida (Series Composition);Cindy H. Yamauchi (Character Design);Yoshihiro Ujiie (Prop Design),Official Site;Twitter;Crunchyroll;Bilibili TV,False,Tojima Tanzaburo Wants To Be A Masked Rider;โทจิมะอยากเป็นคาเมนไรเดอร์,https://anilist.co/anime/187464,1766722934,1766849400,13,2025-12-26T04:26:26.524249+00:00,anilist
194884,61903.0,Kaguya-sama wa Kokurasetai: Otona e no Kaidan,,かぐや様は告らせたい 大人への階段,Kaguya-sama wa Kokurasetai: Otona e no Kaidan,SPECIAL,1.0,,NOT_YET_RELEASED,MANGA,FALL 2025,2025,Aniplex;A-1 Pictures,A-1 Pictures,Comedy;Psychological;Romance;Slice of Life,Female Protagonist;Male Protagonist;Heterosexual;Ojou-sama;War;Tsundere;Coming of Age;Seinen,,,,0,0,15107,0,15107,119,304,94,85,23,14601,2025-12-31,2025-12-31,,,TV special for <i>Kaguya-sama wa Kokurasetai</i>.,JP,True,#かぐや様,https://s4.anilist.co/file/anilistcdn/media/anime/cover/medium/bx194884-rHgGAzKSCEWz.jpg,#1a78ff,,youtube,LyHTqu5Yg7I,Kaguya Shinomiya;Miyuki Shirogane;Chika Fujiwara;Yuu Ishigami;Miko Iino,Aka Akasaka (Original Creator);Shinichi Omata (Director);Yuuko Yahiro (Character Design);Tetsuya Kawakami (Chief Animation Director);Reina Iwasaki (Chief Animation Director),Twitter;Official Site,False,Kaguya-sama: Love Is War - The Stairs to Adulthood;Kaguya-sama: Love Is War - The Grown-Up Staircase,https://anilist.co/anime/194884,1766722875,1767186000,1,2025-12-26T04:26:26.524305+00:00,anilist
185116,60427.0,Gnosia,GNOSIA,グノーシア,Gnosia,TV,,,RELEASING,VIDEO_GAME,FALL 2025,2025,Aniplex;domerica;domerica;TOKYO MX;BS11;Movic;PLAYISM;Petit Depot,domerica,Drama;Mystery;Sci-Fi;Thriller,Aliens;Time Loop;Survival;Artificial Intelligence;Ensemble Cast;Space;Clone;Aromantic;Amnesia;Death Game,,72.0,73.0,0,0,14060,0,14060,222,7099,62,182,523,6194,2025-10-12,,,,"The story of <i>GNOSIA</i> takes place on a ship drifting through space. Gnosia is an enemy that disguises itself as a human and attacks them. It is now on the spaceship, causing everyone onboard to be suspicious of each other. The crew decides to vote on the most suspicious-looking person every day and put them into a cold sleep.<br><br>  If the humans succeed in putting Gnosia to sleep, they'll win. On the other hand, if they don't, everyone on board is in danger. The right decision must be made. No matter what decision is made by the main character, Yuri, she finds herself in a time loop that returns her to the first day of the crisis. <br><br>  Will the crew on board make the right decision? What is the secret behind the time loop? What secrets hide behind the faces of everyone on board?<br><br>  <i>GNOSIA</i> begins now – a story of looping, fleeting moments that feels like an eternity but passes by in an instant.<br><br>  Have a pleasant journey.<br><br> (Source: Crunchyroll)",JP,True,#グノーシア #gnosia,https://s4.anilist.co/file/anilistcdn/media/anime/cover/medium/bx185116-DIFRjiMgz1IS.jpg,#43aee4,https://s4.anilist.co/file/anilistcdn/media/anime/banner/185116-eQ55D57Wj1oJ.jpg,youtube,Rm4ipMdFpeA,Yuuri;Setsu;SQ;Gina;Racio,Petit Depotto (Original Creator);Kazuya Ichikawa (Director );Jukki Hanada (Series Composition);Arisa Matsuura (Character Design);Ayumi Kamata (Art Director),Twitter;Official Site;Crunchyroll,False,,https://anilist.co/anime/185116,1766722976,1766847600,12,2025-12-26T04:26:26.524367+00:00,anilist
176298,58515.0,Kekkon Yubiwa Monogatari II,Tales of Wedding Rings Season 2,結婚指輪物語Ⅱ,Kekkon Yubiwa Monogatari II,TV,13.0,24.0,RELEASING,MANGA,FALL 2025,2025,Staple Entertainment;Hakuhodo DY Music & Pictures;Square Enix;Bushiroad Move;BS11;AT-X;Pony Canyon;Studio Mausu;Staple Entertainment;Toei Video;KLOCKWORX;APDREAM,Staple Entertainment,Adventure;Comedy;Ecchi;Fantasy;Romance,Isekai;Primarily Female Cast;Royal Affairs;Magic;Heterosexual;Male Protagonist;Dragons;Nudity;Elf;Nekomimi,,63.0,64.0,0,0,13722,0,13722,225,6038,196,210,367,6911,2025-10-04,2025-12-27,,,"The second season of <i>Kekkon Yubiwa Monogatari.</i> <br><br>  Sato and his party are back, but will they finally manage to defeat the Abyss King and gain peace?  <br><br>(Source: Crunchyroll News)",JP,True,#結婚指輪物語,https://s4.anilist.co/file/anilistcdn/media/anime/cover/medium/bx176298-fK1c8bBA73WQ.jpg,#1a5d78,,youtube,MGyhnSJWt2I,Haruto Satou;Krystal Nokanatika;Morion Nokanatika;Amber Idonokan;Nephrites Lomka,Maybe (Original Creator);Takashi Naoya (Director );Matsuo Asami (Assistant Director);Hitomi Mieno (Series Composition);Saori Nakashiki (Character Design),Official Site;Twitter;Crunchyroll;YouTube;Bilibili TV,False,ตำนานผู้กล้าแห่งแหวน ภาคที่ 2;Kekkon Yubiwa Monogatari 2nd Season;結婚指輪物語 第2期,https://anilist.co/anime/176298,1766722963,1766838600,13,2025-12-26T04:26:26.524398+00:00,anilist
186524,60933.0,Chanto Suenai Kyuuketsuki-chan,Li'l Miss Vampire Can't Suck Right,ちゃんと吸えない吸血鬼ちゃん,Chanto Suenai Kyuuketsuki-chan,TV,12.0,24.0,RELEASING,MANGA,FALL 2025,2025,feel.;Happinet Media Marketing;KADOKAWA;Bandai Namco Music Live;Kansai TV;BS Asahi;AT-X;U-NEXT;TOKYO MX;KLOCKWORX;arma bianca,feel.,Comedy;Slice of Life;Supernatural,Vampire;Female Protagonist;Primarily Teen Cast;School;Male Protagonist;Iyashikei;Chibi;Drawing;Kuudere;Heterosexual,,63.0,64.0,0,0,12536,0,12536,158,6028,71,196,854,5387,2025-10-12,2025-12-28,,,"Luna Ishikawa is a dark and mysterious vampire—or so she'd like her new classmates to believe. The truth is, while she may be one of the not-so-mythical bloodsuckers, she doesn't really live up to the hype. She's short and clumsy, and she can't even suck blood properly! So when her classmate Tatsuta Ootori discovers her little “drinking problem,” he can't help but lend a hand. Can he nurse Luna from the small, timid animal she is into a fearsome creature of the night?! <br><br> (Source: Yen Press)",JP,True,#アニメ吸血鬼ちゃん #ちゃんと吸えない吸血鬼ちゃん,https://s4.anilist.co/file/anilistcdn/media/anime/cover/medium/bx186524-JSsyFR3FqTO8.jpg,#f1ae50,,youtube,y9e0wTKaAXI,Luna Ishikawa;Tatsuta Ootori;Misa Kusunoki;Eiko Sakuma;Satoru Deguchi,Kyousuke Nishiki (Original Story);Sayaka Yamai (Director);Yuniko Ayana (Series Composition);Takuya Tani (Character Design);Zechen Yang (Art Director),Official Site;Twitter;Crunchyroll;Bilibili TV,False,Vampire-chan Can't Suck Properly,https://anilist.co/anime/186524,1766722962,1766928600,12,2025-12-26T04:26:26.524589+00:00,anilist
186161,60765.0,Kimi to Koete Koi ni Naru,"With You, Our Love Will Make It Through",キミと越えて恋になる,Kimi to Koete Koi ni Naru,TV,12.0,24.0,RELEASING,MANGA,FALL 2025,2025,REMOW;DeNA;Shueisha;Millepensee,Millepensee,Drama;Fantasy;Romance,Shoujo;Teens' Love;Anthropomorphism;Animals;Primarily Teen Cast;Love Triangle;Bullying;School;Female Protagonist;Heterosexual,,66.0,67.0,0,0,10405,0,10405,156,4935,72,148,590,4660,2025-10-14,2025-12-30,,,"When high schooler Mari bumps into a fellow tardy student, she's surprised to find out he's a beastfolk who's to attend her school! After all, it's not rare for beastfolk to coexist alongside humans, but it's still uncommon, with the prejudice and all. Nervous to meet one at first, Mari soon learns there's more to him than his furry exterior. In fact, the more she gets to know him, the more she finds herself drawn to him, his steadfastness, his kindheartedness, and…his body… <BR><BR> (Source: Yen Press)",JP,True,#キミ越え #キミ越えアニメ,https://s4.anilist.co/file/anilistcdn/media/anime/cover/medium/bx186161-YijWl9vZKmFI.jpg,#43bbf1,https://s4.anilist.co/file/anilistcdn/media/anime/banner/186161-KYfFUJEVLB1W.jpg,youtube,NmmfDtxCWeQ,Mari Asaka;Tsunagu Hidaka;Yukihiro Aida;Kisara;Ritsuka Kawashima,Chihiro Yuzuki (Original Creator);Shin Itagaki (Director);Hiromi Kimura (Director);Shin Itagaki (Series Composition);Hiromi Kimura (Character Design),Twitter;Official Site;Crunchyroll,False,,https://anilist.co/anime/186161,1766722947,1767105000,12,2025-12-26T04:26:26.524746+00:00,anilist
173523,57859.0,Egao no Taenai Shokuba desu.,A Mangaka's Weirdly Wonderful Workplace,笑顔のたえない職場です。,Egao no Taenai Shokuba desu.,TV,13.0,24.0,RELEASING,MANGA,FALL 2025,2025,Voil;Happinet Media Marketing;Rakuten;Pony Canyon;AT-X;BS Asahi;arma bianca;TOKYO MX;KLOCKWORX;Iwate Menkoi TV,Voil,Comedy;Slice of Life,Drawing;Female Protagonist;Work;Primarily Female Cast;Urban;LGBTQ+ Themes;Cute Girls Doing Cute Things;Primarily Adult Cast;Yuri;Shogi,,69.0,71.0,0,0,10003,0,10003,118,4876,62,142,490,4433,2025-10-06,2025-12-29,,,"Futami, a novice shojo manga artist, is finally publishing her beloved shogi manga, Dear Subaru. But…the stress makes her stomach hurt, she’s forced to push the deadline for her first chapter, and she isn’t making any progress on the storyboards. To top it off, she’s gaining weight from midnight snacking and starts having wild delusions! Will Futami be able to enjoy life as a manga artist?! <br><br> (Source: Crunchyroll)",JP,True,#えがたえ,https://s4.anilist.co/file/anilistcdn/media/anime/cover/medium/bx173523-wy1rDK1NaKuc.png,#e4c9a1,https://s4.anilist.co/file/anilistcdn/media/anime/banner/173523-m3DvdxCNwX9N.jpg,youtube,B3oDeY86E9Q,Nana Futami;Kaede Satou;Mizuki Hazama;Arisa Nashida;Touko Kakunodate,Kuzushiro (Original Creator);Kaoru Suzuki (Director);Mio Inoue (Series Composition);Kana Miyai (Character Design);Ryou Tanaka (Sound Director),Official Site;Twitter;Crunchyroll,False,A Workplace Where You Can't Help But Smile;えがたえ;Egatae,https://anilist.co/anime/173523,1766722951,1767011400,13,2025-12-26T04:26:26.524783+00:00,anilist
188388,61269.0,DIGIMON BEATBREAK,DIGIMON BEATBREAK,DIGIMON BEATBREAK,DIGIMON BEATBREAK,TV,,24.0,RELEASING,ORIGINAL,FALL 2025,2025,Fuji TV;Toei Animation;Yomiuri Advertising,Toei Animation,Adventure;Fantasy;Sci-Fi,Proxy Battle;Found Family;Urban;Primarily Teen Cast;Male Protagonist;Artificial Intelligence;Anthropomorphism;Cyberpunk;Dystopian;Henshin,,67.0,69.0,0,0,9655,0,9655,130,5052,38,168,470,3927,2025-10-05,,,,"<i>GLITCH THE FUTURE.</i><br><br>  Tomoro Tenma lives in a world where human thoughts and emotions—known as “e-Pulse”—power AI devices called Sapotama. But when Digimon begin materializing from Sapotama and feeding on e-Pulse, society begins to fracture. After Gekkomon appears from his device, Tomoro joins Glowing Dawn, a secret team investigating rogue Digimon and the dark truth of a system both fueled and corrupted by emotion. What new future will be forged by humans and Digimon? <br><br>  (Source: Crunchyroll, DIGIMON BEATBREAK Official Site, edited)",JP,True, #ビートブレイク #BEATBREAK,https://s4.anilist.co/file/anilistcdn/media/anime/cover/medium/bx188388-aXx9fsnvezBf.jpg,#fec928,https://s4.anilist.co/file/anilistcdn/media/anime/banner/188388-kCSxLPMY2JkD.jpg,youtube,naNctHU5MQE,Tomorou Tenma;Gekkomon;Pristimon;Reina Sakuya;Chiropmon,Akiyoshi Hongou (Original Story);Hiroaki Miyamoto (Series Director );Ryouta Yamaguchi (Series Composition);Takahiro Kojima (Character Design);Kenji Watanabe (Digimon Design),Official Site;Twitter;Hulu;Crunchyroll,False,デジモンビートブレイク;ดิจิมอน บีตเบรก,https://anilist.co/anime/188388,1766722998,1767484800,13,2025-12-26T04:26:26.524847+00:00,anilist
190840,61517.0,Kingdom 6th Season,Kingdom Season 6,キングダム 第6シリーズ,Kingdom 6th Season,TV,13.0,25.0,RELEASING,MANGA,FALL 2025,2025,Studio Pierrot;Studio Signpost;Studio Pierrot;NHK Enterprises;Avex Pictures;Shueisha;Studio Signpost,Studio Pierrot;Studio Signpost,Action,War;Historical;Military;Ancient China;Ensemble Cast;Seinen;Male Protagonist;Archery,,84.0,88.0,0,84,6134,0,6134,189,3234,77,64,50,2709,2025-10-05,2025-12-28,,,The sixth season of <i>Kingdom</i>.,JP,True,#キングダム,https://s4.anilist.co/file/anilistcdn/media/anime/cover/medium/bx190840-CvKAz6aWHB21.png,#50aee4,,youtube,IT5EyilwgoQ,Xin Li;Zheng Ying;Liao Diao He;Lei Qiang;Ben Wang,Yasuhisa Hara (Original Creator);Kenichi Imaizumi (Director);Noboru Takagi (Series Composition);Hisashi Abe (Character Design);Junichi Higashi (Art Director),Official Site;Twitter;YouTube;Crunchyroll,False,Царство 6,https://anilist.co/anime/190840,1766716159,1766848200,13,2025-12-26T04:26:26.524991+00:00,anilist
184718,60347.0,Cat's♥Eye (2025),Cat's Eye (2025),キャッツ♥アイ (2025),Cat's♥Eye (2025),ONA,12.0,24.0,RELEASING,MANGA,FALL 2025,2025,LIDENFILMS,LIDENFILMS,Action;Adventure;Comedy;Mystery;Romance,Female Protagonist;Crime;Police;Shounen;Fugitive;Episodic;Primarily Female Cast;Heterosexual;Primarily Adult Cast;Urban,,59.0,61.0,0,0,5118,0,5118,59,1855,38,173,415,2637,2025-09-26,2026-01-30,,,"A new adaption of the manga of the same name by Tsukasa Houjou. <br><br> <i>Cat’s Eye</i> is a secretive trio of art thieves relentlessly pursued by Detective Toshio. Unbeknownst to him, the middle sister of the elusive thieves is none other than his girlfriend, Hitomi.<br><br> (Source: Disney+)",JP,True,#キャッツアイアニメ #キャッツアイ,https://s4.anilist.co/file/anilistcdn/media/anime/cover/medium/bx184718-GvNnorokj1i3.jpg,#5086e4,https://s4.anilist.co/file/anilistcdn/media/anime/banner/184718-BvX97zaGTgOT.jpg,youtube,HZSNpLPNX-o,Hitomi Kisugi;Rui Kisugi;Ai Kisugi;Toshio Utsumi;Mitsuko Asatani,Tsukasa Houjou (Original Creator);Yoshifumi Sueda (Director );Yousuke Yabumoto (Character Design);Yuuki Hayashi (Music );Hayashi Mori (Script),Disney Plus;Official Site;Twitter;Hulu,False,Cat’s Eye – Oczy kota;Occhi di Gatto;Signé Cat's Eye;Ein Supertrio;Ojos de Gato,https://anilist.co/anime/184718,1766723050,1766732400,7,2025-12-26T04:26:26.525026+00:00,anilist
170018,56877.0,Ao no Orchestra Season 2,Blue Orchestra Season 2,青のオーケストラ Season2,Ao no Orchestra Season 2,TV,21.0,25.0,RELEASING,MANGA,FALL 2025,2025,NHK;NHK Enterprises;Nippon Animation;Nippon Animation,Nippon Animation,Drama;Music,Primarily Teen Cast;School Club;Band;Classical Music;School;CGI;Unrequited Love;Ensemble Cast;Bullying,,67.0,72.0,0,0,4921,0,4921,49,1743,31,85,125,2937,2025-10-05,,,,The second season of <i>Ao no Orchestra</i>.,JP,True,#青のオーケストラ #青オケ,https://s4.anilist.co/file/anilistcdn/media/anime/cover/medium/bx170018-1PqdLX68YayA.jpg,#35aef1,,youtube,rJtAcgpJEwI,Hajime Aono;Nao Saeki;Ritsuko Akine;Haru Kozakura;Shizuka Tachibana,Makoto Akui (Original Creator);Seiji Kishi (Director);Yuuko Kakihara (Series Composition);Kazuaki Morita (Character Design);Satoki Iida (Sound Director),Official Site;Twitter;YouTube,False,The Blue Orchestra Season 2;青のオーケストラ 第2期,https://anilist.co/anime/170018,1766722985,1767513600,13,2025-12-26T04:26:26.525092+00:00,anilist
184997,60378.0,Shabake,Shabake,しゃばけ,Shabake,TV,13.0,23.0,RELEASING,OTHER,FALL 2025,2025,Bandai Namco Pictures;Aniplex;Fuji TV;Bandai Namco Pictures;Shinchosha;Movic;Bandai Namco Music Live;Dentsu,Bandai Namco Pictures,Fantasy;Mystery,Historical;Youkai;Detective;Medicine;Adoption;Crime;Gods,,56.0,58.0,0,0,4456,0,4456,34,1925,32,96,557,1846,2025-10-03,2025-12-26,,,"Ichitarou, the frail yet sharp-minded master of Nagasakiya, rarely leaves his estate—but he’s far from alone. Gifted with the ability to see spirits, he’s protected by ghostly companions like Hakutaku and Inugami. One night, he slips out and witnesses a brutal murder. Soon after, Edo is plagued by a series of eerie murders. As fear grips the city, Ichitarou and his spirits must uncover the culprit.<br><br> (Source: Crunchyroll)",JP,True,#しゃばけ,https://s4.anilist.co/file/anilistcdn/media/anime/cover/medium/bx184997-CnmvTLC9JQP0.jpg,#e49343,,youtube,KwaHYiTO9Ec,Ichitarou;Suzuhiko-hime;Byoubunozoki;Sasuke;Nikichi,Megumi Hatakenaka (Original Creator);Takahiro Ookawa (Director);Touko Machida (Series Composition);Akari Minagawa (Character Design);Yuuka Shiga (Sub Character Design),Twitter;Official Site;Crunchyroll,False,,https://anilist.co/anime/184997,1766722964,1766759400,13,2025-12-26T04:26:26.525217+00:00,anilist
196553,62126.0,SI-VIS: The Sound of Heroes,SI-VIS: The Sound of Heroes,SI-VIS: The Sound of Heroes,SI-VIS: The Sound of Heroes,TV,24.0,24.0,RELEASING,ORIGINAL,FALL 2025,2025,Aniplex;Sony Music Entertainment;Studio VOLN,Studio VOLN,Action;Music;Sci-Fi,Superhero;Idol;Super Power;Urban;Ensemble Cast;Memory Manipulation;Urban Fantasy;School;Aliens,,55.0,57.0,0,0,3528,0,3528,40,1422,22,88,473,1523,2025-10-05,2026-03-15,,,"SI-VIS is a co-ed music group, led by Yosuke, shaking up the global music scene with their unmatched vocals and performances. However, they are actually heroes in disguise, battling against mysterious forces threatening the world. They convert audience energy at live performances into combat power. Luckily, the battles appear to be ordinary concerts to the public, keeping their identity a secret.<br><br>   (Source: Crunchyroll)",JP,True,#シーヴィス,https://s4.anilist.co/file/anilistcdn/media/anime/cover/medium/bx196553-9whoPCB5gyKB.jpg,,,youtube,ssg6MbJ9Ejo,Yousuke Shiba;Kyouko Takagi;Miu Narumiya;Soushirou Sakamoto;Jun Asukai,Hidari (Original Character Design);Daisuke Yoshida (Director);Fumiaki Maruto (Series Composition);Naho Ootsuki (Character Design);Nami Fujii (Character Design),Twitter;Official Site;Crunchyroll;Bilibili TV;TikTok;YouTube,False,シーヴィス,https://anilist.co/anime/196553,1766723024,1766881800,13,2025-12-26T04:26:26.525274+00:00,anilist
198117,62378.0,GANGLION,,ガングリオン,GANGLION,TV_SHORT,,3.0,RELEASING,MANGA,FALL 2025,2025,studio maf;Yoshimoto Broad Entertainment;AT-X;LDH JAPAN;BS Yoshimoto,studio maf,,Office;Superhero;Urban;Work;Tokusatsu;Henshin;Satire,,55.0,58.0,0,0,2537,0,2537,32,1099,24,47,164,1203,2025-10-03,,,,"Set in the early 2000's, the story of Ganglion follows the everyday adventures of Kenji Isobe, a professional henchman for the Ganglion Corporation, which plots world domination with evil schemes such as “Operation: Tokyo Cedar Pollen” and “Operation: Mount Fuji Detonation”. Kenji's workplace is a battlefield, where every day he has to deal with workplace drama, unreasonable bosses and crushing defeat at the hands of the hero HOPEMAN. <br><br> (Source: Crunchyroll)",JP,True,#ガングリオン,https://s4.anilist.co/file/anilistcdn/media/anime/cover/medium/bx198117-ms0mzmuyOw8n.png,#e45d50,,youtube,ShJvaDqFgiA,Shadow Taisa;Kenji Isobe;HOPEMAN;Setsuko Isobe;Yumiko,Hisaya Shiraiwa (Original Story);Takashi Itsuki (Original Character Design);Ayumu Watanabe (Director);Ryousuke Tanaka (Assistant Director);Tomoaki Shiono (Series Composition),Official Site;Twitter,False,,https://anilist.co/anime/198117,1766716120,1767964920,13,2025-12-26T04:26:26.525383+00:00,anilist
187166,61107.0,Ganso! Bandori-chan,GANSO! BanG Dream Chan,元祖！バンドリちゃん,Ganso! Bandori-chan,ONA,52.0,1.0,RELEASING,OTHER,FALL 2025,2025,AtoriE;Bushiroad,AtoriE,Comedy;Music,Chibi;Primarily Teen Cast;Band;Episodic;Primarily Female Cast;Ensemble Cast;Female Protagonist;School;Urban;Cute Girls Doing Cute Things,,65.0,73.0,0,0,1601,0,1601,14,1013,11,12,39,526,2025-10-02,,,,"After taking the girls' band world by storm, ""BanG Dream Chan"" is back!? <br><br> Get ready for a huge reunion with all your favorite pop and cute band members in the fun-filled girls' band comedy! <br><br> Come on, BanG Dream Chan! We are all BanG Dream Chan! <br><br> (Source: BanG Dream! GBP Twitter account) <br><br> <i>Note: Relations are provisional and subject to change.</i>",JP,True,#元祖バンドリちゃん #GansoBDC,https://s4.anilist.co/file/anilistcdn/media/anime/cover/medium/bx187166-ASfp7wErGrxQ.png,#e4e45d,,youtube,7WsRmVZspYI,Kasumi Toyama;Arisa Ichigaya;Rimi Ushigome;Tae Hanazono;Saaya Yamabuki,Bushiroad  (Original Creator);Kou Nakamura (Original Story);Hitowa (Original Character Design);Kenshirou Morii (Director);Seiya Miyajima (Director),Official Site;YouTube,False,,https://anilist.co/anime/187166,1766722939,1767877200,14,2025-12-26T04:26:26.525543+00:00,anilist
187860,61184.0,Nohara Hiroshi: Hiru Meshi no Ryuugi,Style of Hiroshi Nohara's Lunch,野原ひろし 昼メシの流儀,Nohara Hiroshi: Hiru Meshi no Ryuugi,TV,12.0,24.0,RELEASING,MANGA,FALL 2025,2025,DLE;Shin-Ei Animation;Futabasha;TV Asahi;ADK Emotions;DLE;BS Asahi;Bandai Namco Filmworks,DLE,Comedy;Slice of Life,Food;Male Protagonist;Work;Restaurant;Primarily Adult Cast;Episodic;Iyashikei;Cute Boys Doing Cute Things;Office;Travel,,57.0,62.0,0,0,1185,0,1185,23,390,140,22,106,527,2025-10-03,,,,"Hiroshi Nohara, Japan's ultimate family man, is obsessed with lunch in order to work hard in the afternoon! The official spin-off gourmet manga of the popular ""Crayon Shin-chan""! <br><br> (Source: Comic Action, translated)",JP,True,,https://s4.anilist.co/file/anilistcdn/media/anime/cover/medium/bx187860-R1IHWJGSL4EB.jpg,#f1505d,,,,Hiroshi Nohara;Kawaguchi;Haruka Shisugi;Akitake Takagiri;Yoshirin Hatogaya,Yoshito Usui (Original Creator);Tsukasa Nishiyama (Director);Hayashi Mori (Script);Hayashi Mori (Series Composition);Youichi Tsukahara (Original Creator),Official Site;Twitter;iQ;Prime Video,False,Style of Hiroshi Nohara's Lunch;สไตล์อาหารกลางวันของโนะฮาระ ฮิโรชิ,https://anilist.co/anime/187860,1766712037,0,0,2025-12-26T04:26:26.525620+00:00,anilist
196750,62328.0,Sister Breeder,,シスターブリーダー,Sister Breeder,OVA,,20.0,RELEASING,MANGA,FALL 2025,2025,Bunny Walker;Lune Pictures;T-REX,T-REX,Hentai,Inseki;Incest;Nakadashi;Anal Sex;Sex Toys;Heterosexual;Fellatio,,69.0,75.0,0,0,1018,0,1018,72,331,182,94,24,387,2025-09-26,,,,"<b>Episode 1 - 3</b> - <i>Sister Breeder</i><br> Shouta is very affectionate towards his sisters Rena and Aina, they grew up as close siblings. Day by day, he becomes more affectionate towards Aina... and eventually he even sneaks into her room at night!? Rena tries to stop Shouta, but ends up receiving his affection in Aina's place. Due to her hidden feelings for Shouta and the pleasure of experiencing things for the first time, the once innocent Rena is steadily being trained by Shouta...!? <br><br> <b>Episode 4</b> - <i>Akuma de Kanojo wa Boku no Tenshi</i><br> This is a forbidden love. Timid teacher Makoto tries to suppress his feelings for his student Mano. But one day, Makoto finds out Mano's secret, and with an angelic smile, she starts making devilish demands! Mano seduces him with various types of play. However, in order to melt away Makoto's hesitation, she provokes him into serving her...!? A pure love story of a devilish angel! <br><br> (Source: Lune-soft, translated and ed",JP,True,,https://s4.anilist.co/file/anilistcdn/media/anime/cover/medium/bx196750-qwkwqdNMXIwD.png,#bb35e4,https://s4.anilist.co/file/anilistcdn/media/anime/banner/196750-cmc0IEyZbqOj.jpg,,,Rena Oomiya;Aina Oomiya;Shouta Oomiya,Hiromitsu Takeda (Original Creator);Hiromitsu Takeda (Character Design);Ken Raika (Director);Megane Sagari (Storyboard);Tokku03 (Script),,True,,https://anilist.co/anime/196750,1766723050,1772118000,3,2025-12-26T04:26:26.525669+00:00,anilist
196722,62315.0,Reika wa Karei na Boku no Joou THE ANIMATION,,レイカは華麗な僕の女王 THE ANIMATION,Reika wa Karei na Boku no Joou THE ANIMATION,OVA,,20.0,RELEASING,MANGA,FALL 2025,2025,Seven;Pink Pineapple,Seven,Hentai,Nakadashi;Feet;Maids;Femdom;Ashikoki,,68.0,77.0,0,0,741,0,741,43,218,99,63,21,340,2025-10-24,,,,"<i>""They say that ejaculating after three days of holding back feels like heaven""</i>, says the gorgeous maid Reika, who is tasked with not only taking care of her master Reiji's daily routine, but also managing his ejaculations!? Reika teases Reiji's genitals from the morning, teasing him until he reaches the brink of orgasm♪ After her teasing attack, what extraordinary service will Reika provide after the promised three days...?! <br><br> (Source: PinkPineapple, translated)",JP,True,,https://s4.anilist.co/file/anilistcdn/media/anime/cover/medium/bx196722-mpsggThw5jFv.png,#5093e4,,,,Reiji Shinonome;Reika;Hasumi Asagiri,Gustav (Original Creator);Junji Tanaka (Storyboard);Satoru Matsuura (Director);Satoru Matsuura (Animation Director);Hitoshide Saitou (Character Design),,True,,https://anilist.co/anime/196722,1766712037,0,0,2025-12-26T04:26:26.525746+00:00,anilist
193294,61736.0,Toritsukare Otoko,,トリツカレ男,Toritsukare Otoko,MOVIE,1.0,,RELEASING,OTHER,FALL 2025,2025,Bandai Namco Pictures;Shin-Ei Animation,Shin-Ei Animation,Music,,,,63.0,0,0,695,0,695,3,33,10,6,17,629,2025-11-07,2025-01-01,,,"The story centers on a young man named Giuseppe, who is called ""Toristukare Otoko"" by the townspeople because once he gets absorbed in something, he cannot look at anything else. One day, he falls in love at first sight with a girl selling balloons named Pechka. He goes crazy and tries to get closer to Pechka, but she has a sadness in her heart and... For the sake of his beloved Pechka, Giuseppe and his partner, the mouse Cielo, secretly solve her worries by using the many tricks he has been obsessed with.<br><br>  (Source: Crunchyroll News, edited)",JP,True,#映画トリツカレ男,https://s4.anilist.co/file/anilistcdn/media/anime/cover/medium/bx193294-cWRDRpwqGYDA.jpg,#e45da1,,youtube,Q7T1jmDMMVQ,Giuseppe;Pechka,Shinji Ishii (Original Creator);Wataru Takahashi (Director);Masatsugu Arakawa (Character Design);Kentarou Akiyama (Art Director);Izumi Hirose (Color Design),Official Site;Twitter;Instagram;TikTok,False,,https://anilist.co/anime/193294,1766481038,0,0,2025-12-26T04:26:26.525797+00:00,anilist
194353,62316.0,Choro Mesu Days,,ちょろ・めす・でいず,Choro Mesu Days,OVA,,,RELEASING,MANGA,FALL 2025,2025,Mary Jane,,Hentai,Large Breasts;Incest;Boobjob;Inseki;Fellatio;Masturbation;Nakadashi;POV;Male Protagonist;Female Protagonist,,63.0,71.0,0,0,620,0,620,33,179,97,59,14,271,2025-10-17,,,,"<i>Dekapai Gimai, Shuurai</i><br> His stepsister's overwhelming breasts cause him to lose all sense of reason! Takashi's parents remarried and he ended up living with his stepsister. He thought it would be awkward to live with a girl, even though she was his stepsister, but he was surprised when he saw her. Her name was Alice, a beautiful girl from Northern Europe. While Takashi was happy to have a beautiful stepsister, her overly large breasts made him feel uneasy. However, seeing Alice trying to fit in with the family, Takashi suppressed his wicked feelings and treated her as his stepbrother. However, one day, when he saw Alice naked, Takashi's wall of reason collapsed. <br><br> (Source: Getchu, translated)",JP,True,,https://s4.anilist.co/file/anilistcdn/media/anime/cover/medium/bx194353-DYQodQxpFuXD.png,#e4c9a1,,,,,Esuke Toono (Original Creator),,True,,https://anilist.co/anime/194353,1766676951,0,0,2025-12-26T04:26:26.525856+00:00,anilist
198048,62380.0,Natsuzuma,,夏妻,Natsuzuma,OVA,,16.0,RELEASING,OTHER,FALL 2025,2025,T-REX;An♥Tekinus;Lune Pictures,T-REX,Hentai,MILF;Large Breasts;Threesome;Cheating;Blackmail;Netorare;Fellatio;Facial;Nakadashi;Handjob,,62.0,69.0,0,0,579,0,579,29,170,123,44,15,227,2025-10-31,,,,"A summer trip to the beach that she couldn't go to with her husband. Yumiko was excited and looking forward to this day. But when her husband can't come, she heads to the beach alone with her young son. Just as she's feeling down, two young men approach her. That night, Yumiko is invited to the room of the men who hit on her that day. She puts her son to bed and heads to the room where the two young men are waiting, with secret hope in her heart. A forbidden summer begins, as she is consumed by carnal desires despite being tormented by guilt... <br><br> (Source: Lune-soft, translated)",JP,True,,https://s4.anilist.co/file/anilistcdn/media/anime/cover/medium/bx198048-ChBdGvIIDqrk.png,#e45d5d,https://s4.anilist.co/file/anilistcdn/media/anime/banner/198048-920igrfThmom.jpg,,,Yumiko Seto,Kurosu Gatari (Original Creator),,True,A Midsummer NTR Dream,https://anilist.co/anime/198048,1766708375,0,0,2025-12-26T04:26:26.525891+00:00,anilist
196547,62145.0,H na Gishi Series The Animation,,Hな義姉シリーズ The Animation,H na Gishi Series The Animation,OVA,,20.0,RELEASING,OTHER,FALL 2025,2025,Show-Ten,,Hentai,Inseki,,57.0,66.0,0,0,478,0,478,16,147,43,46,13,229,2025-10-31,,,,,JP,True,,https://s4.anilist.co/file/anilistcdn/media/anime/cover/medium/bx196547-hXnKykN7Ky4Z.png,#e4ae50,,,,,Hijiri☆Tsukasa (Original Creator),,True,,https://anilist.co/anime/196547,1766712037,0,0,2025-12-26T04:26:26.525954+00:00,anilist
200228,62689.0,Oshikake! Bakunyuu Gal Harem Seikatsu,,おしかけ！爆乳ギャルハーレム性活,Oshikake! Bakunyuu Gal Harem Seikatsu,OVA,,16.0,RELEASING,OTHER,FALL 2025,2025,T-REX;Bunny Walker;Lune Pictures,T-REX,Hentai,Gyaru;Female Harem;Nakadashi;Group Sex;Boobjob;Fellatio;Femdom;Cunnilingus;Mating Press;Tanned Skin,,60.0,73.0,0,0,451,0,451,25,118,71,38,10,214,2025-11-28,,,,"A salaryman who was fired from his job and has no girlfriend is caught by some gals! He is treated like a molester just for looking at them, and the gals force their way into his house, demanding that he let them stay there, and have sex with him to kill time! This man, who has no experience with women, is toyed with by the gals who know no shyness! Whether in the living room, the bath, or in bed, the girls' ""inspection"" never stops! <br><br> (Source: Lune-soft, translated)",JP,True,,https://s4.anilist.co/file/anilistcdn/media/anime/cover/medium/bx200228-r8Bm5BulKKOS.jpg,#f143a1,https://s4.anilist.co/file/anilistcdn/media/anime/banner/200228-fta41j00DAv7.jpg,,,,Hishigata Tomaru (Original Creator),,True,Gyaru Harem Invasion,https://anilist.co/anime/200228,1766708377,0,0,2025-12-26T04:26:26.525999+00:00,anilist
196540,62314.0,Seikon no Aria,,聖痕のアリア,Seikon no Aria,OVA,,,RELEASING,VIDEO_GAME,FALL 2025,2025,Majin petit,Majin petit,Hentai,,,53.0,64.0,0,0,355,0,355,13,91,31,33,11,189,2025-10-31,,,,"Based on the erotic doujin game by Ishikorodou (イシコロドウ).<br> <br> Due to the succubus curse, the ""Succubus Disease"" has spread. This disease causes people to lose control of their lust and transform into monster. The only way to confront the Disease is let the infected cum again and again! The main character, Aria, was attacked by an ""Succubus Infected"" in her childhood but was saved in the nick of time by a former Exorcist Nun. Ten years later, determined to rescue people, the grown-up Aria decides to become the Exorcist Nun, stepping forward to confront the spreading Succubus Disease.<br> <br> (Source: Steam)",JP,True,,https://s4.anilist.co/file/anilistcdn/media/anime/cover/medium/bx196540-bgmJs8Kou7zD.png,#e4ae93,,,,,Yuuki Ookami (Original Creator),,True,Stigma-ARIA,https://anilist.co/anime/196540,1766654589,1769698800,2,2025-12-26T04:26:26.526044+00:00,anilist
196116,62353.0,Nagachichi Nagai-san THE ANIMATION,,ながちち永井さん THE ANIMATION,Nagachichi Nagai-san THE ANIMATION,OVA,,20.0,RELEASING,OTHER,FALL 2025,2025,Pink Pineapple;Seven,Seven,Hentai,,,52.0,62.0,0,0,344,0,344,18,95,29,22,10,188,2025-11-28,,,,Based on the CG collection by Santa Tsuji (津路参汰).,JP,True,,https://s4.anilist.co/file/anilistcdn/media/anime/cover/medium/bx196116-3bli0EwyZlBM.png,#ffc9bb,,,,Nagai-san,Santa Tsuji (Original Creator);Kazuhiro Ohara (Director);Kazuhiro Ohara (Character Design);Kazuhiro Ohara (Key Animation);Kazuhiro Ohara (Storyboard),,True,Nagachichi Nagai-san Diet Struggle Day,https://anilist.co/anime/196116,1766698152,1769698800,3,2025-12-26T04:26:26.526062+00:00,anilist
195360,62339.0,Honey Blonde 2,,ハニーブロンド2,Honey Blonde 2,OVA,,20.0,RELEASING,MANGA,FALL 2025,2025,Queen Bee;Mediabank,,Hentai,,,56.0,68.0,0,0,337,0,337,15,104,33,35,16,149,2025-10-24,,,,"Erina, a breastfeeding girl, is in love with Masaki, and Masaki can't live without Erina's breast milk. They both pass the entrance exams to college, and head straight to a love hotel in the middle of the day. After six months of abstinence, Masaki, who loves breast milk, goes crazy for Erina's breasts. The two perverts with strong sexual habits repeatedly seek each other and reach climax.<br> <br> (Source: Mediabank, translated)",JP,True,,https://s4.anilist.co/file/anilistcdn/media/anime/cover/medium/bx195360-PAlYR0UnuGdV.png,#938628,,,,Eleanor Mercer,Fukudahda (Original Creator),,True,,https://anilist.co/anime/195360,1766694170,1772118000,3,2025-12-26T04:26:26.526079+00:00,anilist
194389,62005.0,Koala Enikki,Koala's Diary,コアラ絵日記,Koala Enikki,ONA,,2.0,RELEASING,MANGA,FALL 2025,2025,studio MOTHER;KADOKAWA,studio MOTHER,Slice of Life,Anthropomorphism;Primarily Animal Cast;No Dialogue;Iyashikei;Episodic;Animals,,,56.0,0,0,329,0,329,2,154,3,6,43,123,2025-10-02,,,,"The manga is about Koala who writes about daily life, whether it's good or bad, happy or sad, Koala treats every day as a precious day. Koala believes that today is a good day, and tomorrow will be a good day too. <br><br> (Source: Anime News Network)",JP,True,,https://s4.anilist.co/file/anilistcdn/media/anime/cover/medium/bx194389-DAbj4TOj5GB9.png,#e47843,,youtube,jnSt-yJxigA,Koala-san,Yuami (Original Creator);Takao Kato (Director );Chiharu Hara (Character Design);Kan Sano (Theme Song Performance);Punipunidenki (Theme Song Performance),Twitter;Official Site;YouTube;Instagram;YouTube,False,Koala's Diary,https://anilist.co/anime/194389,1766716177,1767265200,14,2025-12-26T04:26:26.526110+00:00,anilist
188529,61254.0,Ugoku! Neko Mukashi Banashi,Cat Tales,うごく！ねこむかしばなし,Ugoku! Neko Mukashi Banashi,ONA,,3.0,RELEASING,MANGA,FALL 2025,2025,Kodansha;Studio Comet;KADOKAWA,Studio Comet,Comedy,Kids;Animals;Fairy Tale;Primarily Animal Cast;Episodic;Chibi,,,59.0,0,0,290,0,290,6,145,0,6,26,113,2025-10-15,,,,"What if cats appeared in that story…? When beloved old tales and fairy stories are joined by cats, a surreal and heartwarming new adventure begins…!? Tabby cats, orange cats, calico cats, and white cats— a delightful mix of feline friends woven into timeless stories is sure to soothe the hearts of all humanity! A charming cat comedy is about to unfold! <br><br> (Source: AniOne Asia)",JP,True,,https://s4.anilist.co/file/anilistcdn/media/anime/cover/medium/bx188529-6o9byjahRpEx.jpg,#e46b5d,,youtube,n-jg8syMe08,Kijitora;Chatora;Shironeko;Mikeneko,Pandania (Original Creator);Kazumi Nonaka (Director);Kenichi Yamashita (Series Composition);Narumi Shimoji (Character Design);haku. (Theme Song Performance (ED)),Twitter;YouTube;Official Site;YouTube,False,Move! Cat Folktales,https://anilist.co/anime/188529,1766716195,1767178800,12,2025-12-26T04:26:26.526152+00:00,anilist
198926,62522.0,Chou Futsuu Mahou Shoujo Asumi Toruverse,,超普通マホウ少女アスミトルバース,Chou Futsuu Mahou Shoujo Asumi Toruverse,TV_SHORT,13.0,4.0,RELEASING,ORIGINAL,FALL 2025,2025,Frontier Works;Super Normal Studio,Super Normal Studio,Comedy;Fantasy;Mahou Shoujo,,,,46.0,0,0,275,0,275,4,69,2,8,17,179,2025-10-02,,,,Fifth season of the <i>Chou Futsuu</i> series.,JP,True,#超普通マホウ少女アスミトルバース,https://s4.anilist.co/file/anilistcdn/media/anime/cover/medium/bx198926-J5Ml6dqNGze9.png,#e46b5d,,youtube,RTiWEXeniic,,Masaya Murai (Director);Hiroo Nakamichi (Character Design);Arisa Noto (Theme Song Performance);Kaori Ishihara (Theme Song Performance);Seiji Miura (Insert Song Lyrics),Facebook;Official Site;YouTube,False,,https://anilist.co/anime/198926,1766723040,0,0,2025-12-26T04:26:26.526176+00:00,anilist
188928,62406.0,Natsu to Hako,,夏と箱,Natsu to Hako,OVA,,,NOT_YET_RELEASED,MANGA,FALL 2025,2025,Mary Jane,,Hentai,,,,,0,0,249,0,249,12,23,2,9,7,208,2025-12-05,,,,"Summer! Closed Room!! Intimacy!!! Secret Time Begins <br><br> Yoshi is walking along a mountain path with a bug net and cage in hand when he notices an unfamiliar girl in a phone booth. The girl notices Yoshi looking in the direction and calls out to him. The girl's name is Sachi, and she seems to be having trouble getting through on the phone. Yoshi can't leave her alone and enters the booth. But then the bug net gets stuck in the door, preventing him from getting out. To escape the heat, Yoshi takes off his clothes. Sachi hesitates, but she can't stand the heat and takes off her clothes. Yoshi, seeing Sachi's figure, becomes sexually aware. An insect flies out of the insect cage Yoshi is holding. Sachi panics and embraces Yoshi. Yoshi is struck by the softness of Sachi's body. <br><br> (Source: Getchu, translated)",JP,True,,https://s4.anilist.co/file/anilistcdn/media/anime/cover/medium/bx188928-qzOaoEWGmpIA.png,#e4865d,,,,,doumou (Original Creator),,True,,https://anilist.co/anime/188928,1766656650,1770303600,2,2025-12-26T04:26:26.526195+00:00,anilist
198046,62369.0,Do S na Pet,,ドＳなペット,Do S na Pet,OVA,,,RELEASING,ORIGINAL,FALL 2025,2025,Nur,Nur,Hentai,,,,63.0,0,0,221,0,221,13,52,13,12,8,136,2025-11-28,,,,,JP,True,,https://s4.anilist.co/file/anilistcdn/media/anime/cover/medium/bx198046-M34Xlo7MyCLL.png,#d678ae,,,,,,,True,,https://anilist.co/anime/198046,1766723050,1772118000,2,2025-12-26T04:26:26.526211+00:00,anilist
198344,62537.0,Mesu wo Karu Mura,,牝を狩る村,Mesu wo Karu Mura,OVA,2.0,20.0,RELEASING,MANGA,FALL 2025,2025,Queen Bee,,Hentai,,,,58.0,0,0,217,0,217,6,61,12,12,10,122,2025-11-14,2026-02-06,,,"<i>Ryoshuu no Mura</i><br> A group of female students are on their way to a high-altitude training camp for the astronomy club when their car gets a flat tire and they're stranded. A local person rescues them and invites them into the village. However, it turns out that the village has a tradition of capturing women from outside and forcing them into village marriages. A beautiful teacher risks her life to protect the students held captive in a storehouse, but when she's taken to a large hall, she finds the men stark naked and erect. With their clothes torn off and tortured relentlessly on the spot, her body reaches its limits. The teacher, losing her mind, offers up her students as scapegoats. Meanwhile, the three students left behind in the storehouse have their clothes stripped and their hands and feet bound. One by one, their bodies are trained by the villagers, until they are physically and mentally broken and reduced to human slaves. <br><br> (Source: Mediabank, translated)",JP,True,,https://s4.anilist.co/file/anilistcdn/media/anime/cover/medium/bx198344-LVBMXsAdeHU5.png,#e45d5d,,,,,A-suke Shinogi (Original Creator),,True,,https://anilist.co/anime/198344,1766712037,1770303600,2,2025-12-26T04:26:26.526254+00:00,anilist
199635,62676.0,PetitCure: Precure Fairies Season 2,,ぷちきゅあ～Precure Fairies～ シーズン２,PetitCure: Precure Fairies Season 2,ONA,,,RELEASING,ORIGINAL,FALL 2025,2025,IKIF+,IKIF+,Fantasy;Slice of Life,Food;Isekai;Coastal;Primarily Animal Cast;Animals;Fairy;No Dialogue;Kids;Crossover;Chibi,,,67.0,0,0,207,0,207,3,108,2,3,13,81,2025-10-09,,,,"The stage moves from the Mysterious Amusement Park to the ""Strange Paradise,"" where our friends from season 1, PetitCure Mofurun and PetitCure Pollun, will meet new allies like PetitCure Niko and PetitCure Candy! <br><br> In a Strange Paradise entirely made up of sweets, everyone goes on a candy-eating spree!? Many more heartwarming and cute PetitCure stories that'll make you smile and feel all warm inside await ♡  <br><br>  (Source: Official Website News, translated, edited)",JP,True, #ぷちきゅあ #petitcure,https://s4.anilist.co/file/anilistcdn/media/anime/cover/medium/bx199635-rgif9o9VWMrt.png,#e4ae5d,,youtube,ld_1kgxUa08,Mepple;Mipple;Pollun;Milk;Chiffon,Izumi Toudou (Original Creator);Yuuko Okumura (Director);Momoka Toyoda (Series Composition);Momoka Toyoda (Script);Rina Tayama (Music),Official Site;YouTube,False,PuchiCure 2,https://anilist.co/anime/199635,1766716143,1767259800,13,2025-12-26T04:26:26.526284+00:00,anilist
200374,62674.0,Kikaijikake no Marie Mini Anime,,機械じかけのマリーミニアニメ,Kikaijikake no Marie Mini Anime,ONA,13.0,3.0,RELEASING,MANGA,FALL 2025,2025,,,Comedy;Romance,,,,56.0,0,0,174,0,174,5,67,11,7,12,77,2025-10-02,,,,Chibi shorts posted on the official Kikaijikake no Marie twitter and youtube accounts. <br></br> <i>Note: Includes episode 0.</i>,JP,True,#機械じかけのマリー,https://s4.anilist.co/file/anilistcdn/media/anime/cover/medium/bx200374-ga7euuzgL1Hr.png,#e486a1,,youtube,C4WVhl5jkOc,Marie Evans;Arthur Zetes,Aki Akimoto (Original Creator);Mariko Kunisawa (Script);Yoshitomo (Animation),YouTube;Twitter,False,,https://anilist.co/anime/200374,1766712019,0,0,2025-12-26T04:26:26.526303+00:00,anilist
186736,60983.0,Kagaku×Bouken Survival! 2nd Season,,科学×冒険サバイバル！ 第2シリーズ,Kagaku×Bouken Survival! 2nd Season,TV,,24.0,RELEASING,MANGA,FALL 2025,2025,NHK;NHK Enterprises;Studio Gallop;Toei Animation,Studio Gallop,,,,,40.0,0,0,157,0,157,1,42,3,2,27,83,2025-10-04,,,,The second season of <i>Kagaku×Bouken Survival!</i>,JP,True,#科学漫画サバイバル #サバイバルシリーズ,https://s4.anilist.co/file/anilistcdn/media/anime/cover/medium/bx186736-zYDrRDuC55s5.png,#e4bb5d,,,,Pipi;Geo;Kei;Dia,Hyun-Dong Han (Original Character Design);Masahiro Hosoda (Director);Isao Murayama (Series Composition);Gil-Bo Noh (Character Design);Kei Yoshikawa (Music),Official Site;Twitter,False,,https://anilist.co/anime/186736,1766482903,1768037100,10,2025-12-26T04:26:26.526375+00:00,anilist
199162,62578.0,Cool de M,,クール de M,Cool de M,OVA,,,RELEASING,ORIGINAL,FALL 2025,2025,Nur,Nur,Hentai,,,,,0,0,135,0,135,3,10,2,3,3,117,2025-12-26,,,,,JP,True,,https://s4.anilist.co/file/anilistcdn/media/anime/cover/medium/bx199162-8ZpNn7vPn2rY.jpg,#aed6f1,,,,,,,True,,https://anilist.co/anime/199162,1766676602,1774537200,2,2025-12-26T04:26:26.526407+00:00,anilist
199164,62577.0,Seihou Shouka Saint Lime VN: VeasTube Eroero Haishin Edition♪,,聖宝晶華セイントライムVN ～VeasTubeエロエロ配信Edition♪～,Seihou Shouka Saint Lime VN: VeasTube Eroero Haishin Edition♪,OVA,,,RELEASING,OTHER,FALL 2025,2025,Majin petit,Majin petit,Hentai,,,,,0,0,123,0,123,6,9,0,3,2,109,2025-12-26,,,,Based on the CG Colection by Tori no Oishii Tokoro.,JP,True,,https://s4.anilist.co/file/anilistcdn/media/anime/cover/medium/bx199164-kQ2sVvNXU392.jpg,#e4ae50,,,,,,,True,,https://anilist.co/anime/199164,1766676602,1774537200,2,2025-12-26T04:26:26.526441+00:00,anilist
195383,61924.0,MUZIK TIGER In the Forest 2,,MUZIK TIGER In the Forest 第2期 ,MUZIK TIGER In the Forest 2,TV_SHORT,,1.0,RELEASING,OTHER,FALL 2025,2025,Shin-Ei Animation;Daewon Media;TOHO animation STUDIO,TOHO animation STUDIO,Slice of Life,Primarily Animal Cast;Animals;Anthropomorphism;No Dialogue;Iyashikei;Episodic;Ensemble Cast,,,45.0,0,0,111,0,111,3,44,1,1,17,48,2025-10-01,,,,Second season of <i>Muzik Tiger In the Forest</i>.,JP,True,#MUZIKTIGER #アニメMUZIKTIGER,https://s4.anilist.co/file/anilistcdn/media/anime/cover/medium/bx195383-v8nJ26HD0Lcd.png,#f1a135,,youtube,yj5GBeV22jY,Toffee;Willy;Taffee;Teefee;Porumee,Kazunori Minagawa (Director);Miki Minagawa (Director);Ikki Kuwahara (Sound Director);Hiroaki Tsutsumi (Music);Toshizou Nemoto (Script),Official Site;Official Site;Twitter;Instagram;Twitter;Official Site;Instagram;YouTube;YouTube,False,ムジク・タイガー第2期;무직타이거2기;MUZIK FOREST（ムジークフォレスト）,https://anilist.co/anime/195383,1766694170,1767178740,14,2025-12-26T04:26:26.526468+00:00,anilist
199008,62523.0,Uso Tantei Tomanto,,うそ探偵トマント,Uso Tantei Tomanto,TV_SHORT,26.0,,RELEASING,OTHER,FALL 2025,2025,Fanworks;San-X,Fanworks,Mystery,,,,40.0,0,0,101,0,101,0,26,2,3,17,53,2025-10-06,2026-04-05,,,Tomanto and friends as they solve mysteries using vegetable and fruit trivia. <br><br> (Source: Anime News Network),JP,True,#うそ探偵トマント #トマント,https://s4.anilist.co/file/anilistcdn/media/anime/cover/medium/bx199008-P45zksUSzTWD.png,#e4865d,,youtube,zxWwgXlhDSg,,Youko Usami (Director);Youichi Katou (Series Composition);Youichi Katou (Script);Michihiko Suwa (Planning Producer),Twitter;Official Site,False,,https://anilist.co/anime/199008,1766439190,0,0,2025-12-26T04:26:26.526490+00:00,anilist
198413,62231.0,JOCHUM Season 2,,ジェオチャム シーズン2 ,JOCHUM Season 2,TV_SHORT,,2.0,RELEASING,ORIGINAL,FALL 2025,2025,Fanworks;LAPONE Entertainment;Sanrio,Fanworks,Slice of Life,,,,47.0,0,0,67,0,67,0,22,1,0,16,28,2025-10-04,,,,Second season of <i>JOCHUM</i>.,JP,True,#JOCHUM,https://s4.anilist.co/file/anilistcdn/media/anime/cover/medium/bx198413-IDC13Jyk0xYD.png,#f1c950,,youtube,cGOk6c2yFYA,Rain;PiHai,Kabushikigaisha Sanrio (Original Creator);Hazumu Sakuta (Director);Youichi Katou (Series Composition);Youichi Katou (Script),Official Site;Instagram;TikTok;Twitter;YouTube,False,,https://anilist.co/anime/198413,1766567465,1766782800,13,2025-12-26T04:26:26.526534+00:00,anilist
194832,,Oshiri Tantei 9 Part 2,,おしりたんてい(第9シリーズ),Oshiri Tantei 9 Part 2,TV,,20.0,RELEASING,OTHER,FALL 2025,2025,Toei Animation,Toei Animation,Comedy,,,,10.0,0,0,66,0,66,1,14,3,1,24,24,2025-10-04,,,,The second part of <i>Oshiri Tantei 9</i>.,JP,True,,https://s4.anilist.co/file/anilistcdn/media/anime/cover/medium/bx194832-j9lUdLCYHd2N.png,#e4ae5d,,youtube,g3A0yBIUK3o,Oshiri Tantei;Brown,Yuriko Kado (Director);Youko Ikeda (Director);Natsuko Takahashi (Series Composition);Hideaki Maniwa (Character Design);Ryuutarou Masuda (Art Design),Official Site,False,Butt Detective 9 Part 2,https://anilist.co/anime/194832,1766259204,0,0,2025-12-26T04:26:26.526553+00:00,anilist
198921,62504.0,Sylvanian Families: Freya no Wonder Days,,シルバニアファミリー フレアのワンダーデイズ,Sylvanian Families: Freya no Wonder Days,TV_SHORT,12.0,12.0,RELEASING,OTHER,FALL 2025,2025,LandQ studios;Epoch,LandQ studios,Fantasy;Slice of Life,,,,30.0,0,0,61,0,61,0,7,3,0,13,38,2025-10-02,,,,,JP,True,#シルバニアファミリー,https://s4.anilist.co/file/anilistcdn/media/anime/cover/medium/bx198921-NMVQx7KSCnTd.png,#4378e4,,,,Freya Chocolate;Crème Chocolate;Ralph Walnut;Lyra Persian;Theo Biscuit,Epoch Sha (Original Creator);Masaaki Kawahara (Director);Hirotoshi Kobayashi (Series Composition);Maika Narita (CG Director);Takumi Kodama (Sound Director),Twitter;Instagram;Official Site;YouTube;TikTok;Facebook,False,,https://anilist.co/anime/198921,1766135428,0,0,2025-12-26T04:26:26.526579+00:00,anilist
199931,62662.0,Dokodemo Makibao: World Tour,,どこでもマキバオー ～ワールドツアー～,Dokodemo Makibao: World Tour,ONA,,4.0,RELEASING,MANGA,FALL 2025,2025,KDDI;DLE,DLE,Comedy;Sports,,,,40.0,0,0,38,0,38,0,10,0,1,11,16,2025-10-08,,,,Second season of <i>Dokodemo Makibao </i>,JP,True,#マキバオー,https://s4.anilist.co/file/anilistcdn/media/anime/cover/medium/bx199931-EhQ6yMCbEvik.png,#fff100,,youtube,Q5cECzU3p7g,,Tsunomaru (Original Creator);Ryou Ono (Director);Ryou Ono (Series Composition);Kyouhei  Matsuno  (Music);Naotoshi Nakajima (Script),TikTok;Instagram;Official Site;YouTube;Twitter,False,,https://anilist.co/anime/199931,1766553692,1767132000,13,2025-12-26T04:26:26.526599+00:00,anilist
203146,63013.0,Atashin'chi NEXT 2,,あたしンちNEXT 第2期,Atashin'chi NEXT 2,ONA,5.0,10.0,RELEASING,MANGA,FALL 2025,2025,Shin-Ei Animation,Shin-Ei Animation,Comedy,,,,40.0,0,0,29,0,29,0,9,0,2,5,13,2025-11-20,2026-03-20,,,Second season of <i>Atashin'chi Next</i>.,JP,True,#あたしンちNEXT,https://s4.anilist.co/file/anilistcdn/media/anime/cover/medium/bx203146-6Zx7wl6hOEFH.png,#ffbb00,,youtube,M0nJGcs1SUk,Midori Imaji;Mikan Tachibana;Yuzuhiko Tachibana,Eiko Kera (Original Creator);Tetsuo Yasumi (Chief Director);Kazumi Nonaka (Director);Masae Ootake (Character Design),YouTube;Twitter;Official Site,False,,https://anilist.co/anime/203146,1766698152,1768858200,3,2025-12-26T04:26:26.526620+00:00,anilist
200375,62658.0,Inpuru-kun no Sonzai Shinai Oshigoto,,インプる君の存在しないお仕事,Inpuru-kun no Sonzai Shinai Oshigoto,ONA,,3.0,RELEASING,OTHER,FALL 2025,2025,,,Comedy,,,,35.0,0,0,25,0,25,1,6,0,0,9,10,2025-09-01,,,,The anime is based on temp agency Improve's mascot Inpuru-kun. It centers on Inpuru-kun taking on absurd temp jobs.,JP,True,#インプる君,https://s4.anilist.co/file/anilistcdn/media/anime/cover/medium/b200375-RxdzZA1qFTiZ.png,#28f1e4,,youtube,plcwdL2jsvA,,Keisuke Matsumoto (Director);Nobuyuki Owari (Executive Producer),YouTube;Twitter;Official Site,False,,https://anilist.co/anime/200375,1766048735,0,0,2025-12-26T04:26:26.526636+00:00,anilist
